simTime,stepTime
25.5687,9.2142e-05
25.5852,5.7006e-05
25.6018,8.6421e-05
25.6019,3.5346e-05
25.6185,0.000114523
25.6351,4.4964e-05
25.6518,6.5021e-05
25.6685,0.000104775
25.6851,4.5575e-05
25.7018,8.7773e-05
25.7187,9.0619e-05
25.7354,6.7867e-05
25.7518,8.7993e-05
25.7519,3.5747e-05
25.7685,0.000103844
25.7852,5.4521e-05
25.8019,4.7729e-05
25.8184,4.3621e-05
25.8352,8.5419e-05
25.8518,8.5569e-05
25.8685,9.4085e-05
25.8851,5.2217e-05
25.9018,6.6294e-05
25.9019,2.0599e-05
25.9185,0.000147845
25.9352,0.000131114
25.9518,6.1184e-05
25.9685,0.000138267
25.9852,0.000132887
26.0019,0.000133899
26.0185,0.000145461
26.0352,0.000127307
26.0518,0.000126265
26.052,4.6145e-05
26.0685,0.000107951
26.0852,0.00012878
26.1018,0.000129661
26.1185,0.000147053
26.1351,6.7265e-05
26.1518,0.000127337
26.1685,6.9309e-05
26.1852,6.3468e-05
26.2018,0.00015594
26.202,8.4928e-05
26.2185,0.00016648
26.2352,0.000106398
26.2518,0.000153897
26.2686,0.000124542
26.2852,0.000155469
26.3018,0.000153185
26.3185,7.9358e-05
26.3352,0.000118431
26.3519,0.000153596
26.352,8.5259e-05
26.3685,8.04e-05
26.3852,0.000146552
26.4019,0.00015614
26.4185,0.000142445
26.4352,0.000157783
26.4519,0.000155188
26.4685,0.000172881
26.4851,7.3727e-05
26.5019,0.000161501
26.5021,0.000219127
26.5185,0.000188711
26.5352,0.000186056
26.5519,8.5289e-05
26.5685,0.000186988
26.5852,0.000136083
26.6018,0.000178041
26.6185,0.000181087
26.6352,0.000177521
26.6519,0.000175537
26.652,0.00010757
26.6686,0.000185555
26.6852,0.000180125
26.7019,0.000175306
26.7186,0.000175647
26.7353,0.000178693
26.7519,0.000176739
26.7686,0.000174815
26.7853,0.000176679
26.802,0.000187679
26.8022,0.000132336
26.8186,0.000201054
26.8352,8.7332e-05
26.8519,8.6911e-05
26.8686,0.000200082
26.8853,0.000200464
26.9019,0.000198208
26.9186,0.000199892
26.9353,0.000202767
26.9519,0.000199421
26.9521,0.000131324
26.9686,9.8694e-05
26.9853,0.000154638
27.002,0.000201004
27.0186,0.00019848
27.0353,0.000199702
27.052,0.000203769
27.0686,0.00020954
27.0853,0.000200273
27.102,0.000212305
27.1022,0.000153986
27.1186,0.000224408
27.1353,9.8694e-05
27.152,0.000226903
27.1686,0.000226502
27.1853,0.000227313
27.202,0.000223907
27.2186,0.000227914
27.2353,0.000238684
27.252,0.000218216
27.2522,5.5253e-05
27.2686,0.000223215
27.2853,0.000224779
27.302,0.000224337
27.3186,0.00023653
27.3353,0.000251989
27.352,0.000224638
27.3686,0.000223176
27.3853,0.00023098
27.402,0.000237162
27.4023,0.000175997
27.4186,0.000247521
27.4353,0.000240408
27.452,0.000254042
27.4687,0.000251649
27.4853,0.000261436
27.5019,0.000104144
27.5187,0.000246489
27.5353,0.000260995
27.552,0.000252911
27.5522,0.00017731
27.5687,0.000192568
27.5853,0.000275412
27.602,0.000299938
27.6187,0.000654418
27.6353,0.0004188
27.652,0.000396628
27.6687,0.000262038
27.6853,0.000269942
27.702,0.000278569
27.7023,0.000202397
27.7187,0.000271215
27.7353,0.000286343
27.752,0.000250076
27.7687,0.000272067
27.7853,0.000112449
27.802,0.000272076
27.8187,0.000299727
27.8353,0.000229037
27.852,0.000270734
27.8523,0.000204661
27.8687,0.000279209
27.8853,0.000141012
27.902,0.000408721
27.9187,0.000686908
27.9353,0.00039759
27.952,0.000420332
27.9687,0.000285612
27.9854,0.000296763
28.0021,0.000294378
28.0023,0.000237963
28.0187,0.000291062
28.0353,0.000308174
28.052,0.000296602
28.0687,0.000299728
28.0854,0.000307903
28.102,0.000304757
28.1187,0.000293185
28.1354,0.000320566
28.152,0.000240928
28.1523,0.000168894
28.1687,0.000200383
28.1854,0.000309286
28.202,0.000231991
28.2187,0.00044027
28.2354,0.000711544
28.252,0.000525358
28.2687,0.000339562
28.2854,0.000327429
28.3021,0.000323171
28.3024,0.000267027
28.3187,0.00024211
28.3354,0.000336827
28.352,0.00032255
28.3687,0.000340042
28.3854,0.000341014
28.402,0.000288878
28.4187,0.000321418
28.4354,0.000362575
28.452,0.00024727
28.4523,0.00018777
28.4687,0.00025282
28.4854,0.000344381
28.502,0.000332849
28.5187,0.000515359
28.5354,0.000779992
28.552,0.000360331
28.5687,0.000483901
28.5854,0.00034949
28.602,0.000141394
28.6022,8.58e-05
28.6188,0.000335694
28.6354,0.000355612
28.652,0.000338501
28.6687,0.00033843
28.6854,0.000363937
28.702,0.000342137
28.7187,0.000333581
28.7354,0.000393332
28.752,0.000144148
28.7522,9.127e-05
28.7687,0.000258922
28.7854,0.000360611
28.8021,0.000366893
28.8187,0.00048945
28.8354,0.000797765
28.8521,0.000514667
28.8687,0.000493979
28.8854,0.000379577
28.9021,0.000361403
28.9024,0.000294378
28.9188,0.000406677
28.9354,0.00038724
28.9521,0.000370249
28.9687,0.000378304
28.9854,0.000391389
29.0021,0.000369699
29.0187,0.000373344
29.0354,0.000421424
29.052,0.000154107
29.0522,0.000101318
29.0687,0.000162662
29.0854,0.000278128
29.1021,0.000390497
29.1187,0.00020934
29.1354,0.000421144
29.152,0.0002153
29.1687,0.00023116
29.1854,0.000333791
29.2021,0.000298596
29.2024,0.000237562
29.2188,0.000367534
29.2354,0.000524697
29.2521,0.000586512
29.2687,0.0005906
29.2854,0.000425452
29.3021,0.000568619
29.3188,0.00042423
29.3354,0.000435882
29.3521,0.000396458
29.3525,0.000340193
29.3688,0.000337539
29.3854,0.0003545
29.4021,0.000511512
29.4187,0.000412758
29.4354,0.000884396
29.4521,0.000622378
29.4688,0.000673644
29.4854,0.000368777
29.5021,0.000276935
29.5024,0.000109423
29.5188,0.000407228
29.5354,0.000432215
29.5521,0.000321318
29.5688,0.000420492
29.5854,0.00023644
29.6021,0.00046202
29.6188,0.000603683
29.6354,0.000376781
29.6523,0.000452763
29.6527,0.000232663
29.6688,0.000361653
29.6854,0.000341716
29.7021,0.000380267
29.7187,0.000237012
29.7354,0.00055367
29.7521,0.000232393
29.7688,0.000274631
29.7854,0.000374687
29.8021,0.000174866
29.8023,0.000174795
29.8188,0.000434388
29.8354,0.000447302
29.8521,0.000563879
29.8688,0.00115917
29.8855,0.00065028
29.9021,0.000277456
29.9188,0.000283548
29.9354,0.000243994
29.9521,0.000249004
29.9524,0.000190966
29.9688,0.000469814
29.9854,0.00018786
30.0021,0.000183571
30.0188,0.000228896
30.0354,0.000367214
30.0521,0.000378926
30.0688,0.000890107
30.0855,0.000265213
30.1022,0.000699191
30.1029,0.000451129
30.1189,0.000246729
30.1356,0.000302022
30.1522,0.000749144
30.1689,0.000847016
30.1855,0.000319354
30.2022,0.000535897
30.2189,0.000907088
30.2355,0.000276915
30.2523,0.000375108
30.2527,0.000281545
30.2689,0.000490202
30.2856,0.000484803
30.3022,0.000487877
30.3189,0.000609735
30.3355,0.000192429
30.3523,0.000698671
30.3689,0.00116753
30.3856,0.00131776
30.4022,0.000584057
30.4028,0.000541488
30.4189,0.000643598
30.4356,0.000669146
30.4523,0.000697438
30.4689,0.000971708
30.4856,0.000557076
30.5022,0.0011062
30.5189,0.000786855
30.5356,0.00112862
30.5522,0.000512364
30.5528,0.000368626
30.5689,0.000216333
30.5857,0.000532241
30.6022,0.000229527
30.619,0.000536268
30.6356,0.000300068
30.6522,0.000275593
30.6689,0.000890197
30.6856,0.000280211
30.7022,0.000611598
30.7029,0.000199462
30.7189,0.0003439
30.7356,0.000346385
30.7523,0.000565092
30.7689,0.000713498
30.7856,0.000456048
30.8023,0.000756558
30.8189,0.000574389
30.8356,0.000270534
30.8523,0.000699241
30.853,0.000206364
30.8689,0.000722605
30.8857,0.000692209
30.9023,0.000307603
30.9189,0.00033305
30.9356,0.000794368
30.9523,0.000696025
30.9689,0.00163072
30.9857,0.000942494
31.0023,0.000373505
31.0027,0.000406978
31.019,0.000477488
31.0357,0.000496675
31.0523,0.000332418
31.069,0.000313293
31.0857,0.000300439
31.1023,0.000538102
31.119,0.000313554
31.1357,0.000325726
31.1523,0.000813764
31.1531,0.000459655
31.169,0.000688992
31.1857,0.000321789
31.2023,0.000351985
31.219,0.000345884
31.2357,0.000405514
31.2524,0.00154653
31.269,0.00131875
31.2857,0.000983931
31.3024,0.000932405
31.3033,0.000760926
31.3191,0.000812142
31.3357,0.000763521
31.3524,0.00080012
31.3691,0.000715622
31.3857,0.000832439
31.4024,0.00108631
31.4191,0.001575
31.4357,0.00184427
31.4524,0.00169823
31.4541,0.000311179
31.4691,0.000723446
31.4857,0.00066659
31.5024,0.000544333
31.5191,0.000684855
31.5357,0.000712325
31.5524,0.000712396
31.5691,0.000609274
31.5858,0.000764814
31.6024,0.000318813
31.6027,0.000206203
31.6191,0.000314615
31.6358,0.000917848
31.6524,0.000335595
31.6691,0.000592372
31.6858,0.000332439
31.7025,0.000447143
31.7193,0.000944638
31.7359,0.00132054
31.7525,0.000511953
31.753,0.000830977
31.7692,0.000362314
31.7858,0.000342848
31.8025,0.000488279
31.8192,0.00034877
31.8358,0.000355552
31.8525,0.000678433
31.8692,0.000816249
31.8858,0.000487137
31.9025,0.00045132
31.903,0.00125493
31.9192,0.000637006
31.9358,0.000668745
31.9525,0.000952823
31.9692,0.000808985
31.9859,0.000593805
32.0025,0.00139182
32.0192,0.00149312
32.0359,0.00102736
32.0525,0.00128836
32.0538,0.000831678
32.0692,0.000803215
32.0859,0.000925022
32.1026,0.00165476
32.1192,0.00082205
32.1359,0.000932005
32.1526,0.00115594
32.1692,0.00200592
32.1859,0.00177491
32.2026,0.00103119
32.2036,0.00139181
32.2192,0.00162684
32.2359,0.00190347
32.2526,0.00210989
32.2692,0.00133175
32.2859,0.00189874
32.3026,0.00143201
32.3193,0.00193488
32.3359,0.00226041
32.3526,0.00235677
32.3551,0.00110718
32.3692,0.000812041
32.3859,0.00121543
32.4028,0.00163422
32.4192,0.00140647
32.4359,0.00118964
32.4526,0.000972801
32.4692,0.00171215
32.4859,0.00136427
32.5026,0.000973812
32.5036,0.000910354
32.5193,0.000842558
32.5359,0.000928287
32.5526,0.00158417
32.5692,0.000999731
32.5859,0.000840124
32.6026,0.00138867
32.6192,0.000936133
32.6359,0.000559742
32.6526,0.00161573
32.6542,0.00324324
32.6692,0.00112454
32.686,0.00123405
32.7026,0.0016509
32.7193,0.000975135
32.736,0.00158741
32.7526,0.00171106
32.7693,0.00171509
32.786,0.00174285
32.8027,0.00168009
32.8043,0.00091904
32.8193,0.00115703
32.836,0.00186963
32.8527,0.00116535
32.8693,0.0016253
32.886,0.00150492
32.9027,0.00102735
32.9193,0.00153045
32.936,0.000949658
32.9527,0.00136524
32.954,0.000447543
32.9693,0.00110033
32.9861,0.00120297
33.0027,0.000744305
33.0193,0.000500391
33.036,0.000742582
33.0527,0.000735048
33.0693,0.000671199
33.086,0.001391
33.1027,0.00137339
33.1041,0.000615396
33.1194,0.0017021
33.136,0.0024694
33.1527,0.000848279
33.1693,0.00117041
33.186,0.00159275
33.2027,0.00200607
33.2193,0.000445389
33.236,0.00153233
33.2527,0.00145676
33.2541,0.000870591
33.2693,0.000826509
33.286,0.000818844
33.3027,0.00141937
33.3194,0.00155694
33.336,0.0017038
33.3527,0.00141959
33.3694,0.00173676
33.386,0.0018769
33.4029,0.00223776
33.4051,0.00138488
33.4194,0.00161054
33.436,0.000941683
33.4527,0.00213501
33.4694,0.00168456
33.486,0.00110752
33.5027,0.000818874
33.5194,0.00190787
33.536,0.00159765
33.5527,0.00197424
33.5547,0.00147646
33.5694,0.00202247
33.5861,0.00293312
33.6028,0.00124901
33.6195,0.00131659
33.6361,0.00107133
33.6527,0.00161414
33.6694,0.0026751
33.6861,0.0028257
33.7027,0.00215501
33.7049,0.00346645
33.7194,0.00290797
33.7361,0.00313349
33.7527,0.00128024
33.7694,0.00136559
33.7861,0.00124728
33.8027,0.00105655
33.8194,0.00126479
33.8361,0.00188271
33.8527,0.00211866
33.8549,0.00202115
33.8694,0.00115591
33.8861,0.00103947
33.9028,0.00309003
33.9195,0.00296601
33.9361,0.00456136
33.9528,0.00202293
33.9694,0.00487166
33.9862,0.00358594
34.0027,0.0017938
34.0045,0.00225492
34.0195,0.00162097
34.0361,0.00165222
34.0528,0.00277268
34.0694,0.00338847
34.0861,0.00281534
34.1028,0.00252519
34.1195,0.00437289
34.1361,0.00388513
34.1528,0.00271
34.1555,0.00274074
34.1694,0.00290483
34.1862,0.00282877
34.2028,0.00237746
34.2195,0.00291617
34.2361,0.00411035
34.2528,0.00346023
34.2695,0.00343402
34.2861,0.0042407
34.3028,0.00372476
34.3065,0.00266741
34.3195,0.00387239
34.3361,0.0039297
34.3528,0.00406617
34.3694,0.00336503
34.3861,0.00437977
34.403,0.0055404
34.4195,0.00184793
34.4361,0.00214498
34.4528,0.00178325
34.4546,0.00154441
34.4695,0.00187059
34.4862,0.00200003
34.5028,0.00176774
34.5195,0.00196582
34.5361,0.0023365
34.5528,0.0020534
34.5695,0.00247062
34.5861,0.00197886
34.6028,0.0020711
34.6049,0.00147612
34.6194,0.00211994
34.6361,0.00133835
34.6528,0.0016552
34.6695,0.00184359
34.6861,0.00382914
34.7028,0.00321369
34.7195,0.00440731
34.7361,0.00120789
34.7528,0.00429342
34.7571,0.00168195
34.7695,0.00398077
34.7862,0.00480697
34.8028,0.00243997
34.8195,0.00240911
34.8361,0.00239014
34.8528,0.00427388
34.8694,0.00377433
34.8861,0.00217827
34.9028,0.00237163
34.9052,0.00157752
34.9195,0.00188417
34.9362,0.00465742
34.9528,0.00233701
34.9695,0.00273792
34.9862,0.00377701
35.0028,0.00572197
35.0195,0.00504818
35.0361,0.00525019
35.0528,0.00496903
35.0578,0.00442208
35.0695,0.00492622
35.0862,0.0020221
35.1029,0.00196328
35.1196,0.00343153
35.1362,0.00501638
35.1528,0.00564079
35.1695,0.00464545
35.1861,0.00531229
35.2028,0.00527674
35.2081,0.00468541
35.2195,0.00454082
35.2362,0.00449967
35.2529,0.00498725
35.2695,0.00476858
35.2862,0.00403056
35.3029,0.00450742
35.3196,0.00467729
35.3362,0.00415959
35.3529,0.00413137
35.357,0.00458023
35.3695,0.00565704
35.3862,0.00518457
35.403,0.00599052
35.4197,0.00580912
35.4362,0.00329667
35.4528,0.00394535
35.4696,0.00322046
35.4862,0.00292921
35.5029,0.00520279
35.5081,0.00395581
35.5195,0.00504075
35.5363,0.00264441
35.5528,0.00237707
35.5695,0.00325095
35.5862,0.00460811
35.6028,0.00209705
35.6196,0.00345253
35.6362,0.00295698
35.6529,0.00256835
35.6554,0.00220139
35.6696,0.00222315
35.6862,0.0024428
35.7029,0.00261344
35.7196,0.00587238
35.7362,0.00241535
35.7529,0.00406863
35.7696,0.00301635
35.7862,0.00236389
35.8029,0.00244147
35.8053,0.00207752
35.8195,0.00303723
35.8362,0.00403038
35.8529,0.00326035
35.8695,0.00196419
35.8862,0.00328185
35.9029,0.002759
35.9196,0.00199063
35.9362,0.00198383
35.9529,0.00509404
35.958,0.00465252
35.9696,0.00463486
35.9863,0.00685645
36.0031,0.00323761
36.0197,0.00309531
36.0363,0.00389219
36.0531,0.00373493
36.0698,0.00313012
36.0863,0.00459496
36.1029,0.00266193
36.1056,0.00310288
36.1196,0.00270928
36.1363,0.00148009
36.1529,0.00102833
36.1696,0.00236521
36.1863,0.00116345
36.2029,0.00149081
36.2196,0.00127368
36.2364,0.00155099
36.2379,0.00117143
36.2529,0.00164244
36.2697,0.00273154
36.2863,0.00158456
36.3029,0.00332318
36.3196,0.00537331
36.3363,0.00504736
36.3529,0.00236897
36.3697,0.00399734
36.3863,0.00331151
36.4031,0.0054092
36.4085,0.00547506
36.4198,0.00581642
36.4363,0.00394619
36.4529,0.00537292
36.4696,0.00363125
36.4864,0.00144026
36.503,0.00348234
36.5198,0.0033526
36.5363,0.00325223
36.5532,0.00248544
36.5557,0.00134282
36.5697,0.00191818
36.5863,0.00206157
36.603,0.00189694
36.6196,0.00202919
36.6363,0.00208793
36.653,0.00328577
36.6697,0.00424703
36.6863,0.00629222
36.703,0.0051863
36.7082,0.00672301
36.7197,0.00514474
36.7363,0.00136515
36.753,0.00131332
36.7696,0.00161556
36.7863,0.00341489
36.803,0.00223631
36.8197,0.00489794
36.8363,0.0028241
36.853,0.0050233
36.858,0.00577954
36.8697,0.00668159
36.8863,0.00584163
36.9031,0.00326625
36.9197,0.00533648
36.9364,0.00303556
36.953,0.0032332
36.9697,0.00229365
36.9864,0.00234245
36.9887,0.00173962
37.003,0.00280754
37.0197,0.00152116
37.0364,0.00221038
37.053,0.00212096
37.0697,0.00226771
37.0863,0.00191931
37.103,0.00165677
37.1197,0.00161689
37.1363,0.00192998
37.153,0.0050869
37.1581,0.00355709
37.1697,0.00493401
37.1864,0.00618527
37.2031,0.00650627
37.2198,0.00643777
37.2364,0.00242705
37.253,0.00193443
37.2697,0.00256083
37.2863,0.00473872
37.303,0.00499091
37.308,0.00265298
37.3197,0.00407553
37.3364,0.00363198
37.353,0.00410724
37.3697,0.00332077
37.3864,0.002802
37.403,0.00461101
37.4197,0.00142523
37.4363,0.00370899
37.453,0.0037607
37.4568,0.00184498
37.4697,0.00332295
37.4864,0.00629395
37.503,0.00257669
37.5197,0.00272745
37.5364,0.00291142
37.553,0.0044285
37.5697,0.00441137
37.5864,0.00500699
37.6031,0.00452743
37.6076,0.00229361
37.6197,0.00447706
37.6364,0.00511504
37.653,0.0052784
37.6697,0.0045228
37.6864,0.00360536
37.7031,0.00253765
37.7197,0.00217014
37.7364,0.00292741
37.753,0.00142462
37.7545,0.00128099
37.7697,0.0053713
37.7864,0.00563281
37.8032,0.00459207
37.8198,0.00448342
37.8364,0.0041172
37.853,0.00362004
37.8697,0.00317349
37.8864,0.00298921
37.8894,0.00199053
37.903,0.0029664
37.9197,0.00386894
37.9364,0.00619636
37.9531,0.00564765
37.9697,0.00328423
37.9864,0.00586
38.003,0.00270078
38.0197,0.00268823
38.0364,0.00328053
38.053,0.00343102
38.0565,0.00249371
38.0697,0.00335693
38.0864,0.00333658
38.1031,0.00305885
38.1198,0.00158137
38.1364,0.00361981
38.1531,0.00785288
38.1697,0.00777945
38.1864,0.0080714
38.1945,0.00362557
38.2031,0.00626838
38.2197,0.00751114
38.2364,0.00632819
38.2531,0.00460764
38.2697,0.00806087
38.2864,0.0045283
38.3031,0.00262296
38.3197,0.00354854
38.3364,0.00373612
38.3401,0.00326752
38.3531,0.00497549
38.3697,0.00832913
38.3864,0.00848694
38.4032,0.00559254
38.4209,0.00418451
38.4364,0.00386751
38.4531,0.0032035
38.4697,0.00330773
38.4864,0.00262535
38.4891,0.00225524
38.5031,0.00239121
38.5197,0.00346608
38.5364,0.00240969
38.5531,0.00241813
38.5697,0.00305391
38.5864,0.00237595
38.6031,0.00302186
38.6197,0.00786378
38.6364,0.0035426
38.64,0.00329273
38.6531,0.00371497
38.6698,0.00338672
38.6864,0.00296497
38.7031,0.00598199
38.7198,0.00649224
38.7365,0.00661984
38.7531,0.00430913
38.7698,0.00566022
38.7864,0.00543774
38.7919,0.00235356
38.8031,0.00582994
38.8198,0.00484254
38.8364,0.00509103
38.8531,0.0054785
38.8698,0.00416674
38.8864,0.00521547
38.9031,0.00495523
38.9198,0.00863041
38.9365,0.0038156
38.9403,0.00234909
38.9531,0.0047671
38.9697,0.00555428
38.9864,0.00593444
39.0032,0.00811667
39.0198,0.0045444
39.0364,0.00469671
39.0531,0.0074784
39.0698,0.0096257
39.0865,0.00790821
39.0944,0.00390089
39.1031,0.00426199
39.1198,0.00390138
39.1364,0.00804523
39.1531,0.00490436
39.1698,0.00390249
39.1864,0.00338921
39.2031,0.00903522
39.2198,0.00900106
39.2365,0.0036537
39.2401,0.00338678
39.2531,0.00437947
39.2698,0.00435837
39.2865,0.00719166
39.3031,0.00947669
39.3199,0.00797984
39.3365,0.00848363
39.3531,0.00465595
39.3698,0.00431829
39.3865,0.00461059
39.3911,0.00389673
39.4031,0.00434217
39.4198,0.00472946
39.4365,0.00453979
39.4531,0.00484147
39.4699,0.00509082
39.4865,0.0054929
39.5032,0.00408603
39.5198,0.00507195
39.5365,0.00469642
39.5412,0.00398742
39.5532,0.00432037
39.5698,0.00476087
39.5865,0.00474037
39.6032,0.00560349
39.6198,0.0055163
39.6365,0.00775452
39.6531,0.0109287
39.6698,0.010206
39.6865,0.00713755
39.6936,0.00378239
39.7031,0.00440217
39.7198,0.00420485
39.7365,0.00412991
39.7531,0.00779273
39.7699,0.00990309
39.7865,0.00977767
39.8031,0.00461022
39.8198,0.00401969
39.8365,0.00464419
39.8411,0.00424784
39.8532,0.00504844
39.8698,0.00756261
39.8865,0.0109311
39.9033,0.0107754
39.9199,0.00463523
39.9366,0.00554382
39.9531,0.0041727
39.9698,0.00496248
39.9865,0.00461798
39.9911,0.00405106
40.0032,0.00624016
40.0198,0.00520822
40.0365,0.00432108
40.0532,0.00856352
40.0698,0.00455422
40.0865,0.00435926
40.1032,0.0044322
40.1198,0.00489134
40.1365,0.00449465
40.141,0.00446704
40.1532,0.00493486
40.1698,0.00535238
40.1865,0.00491266
40.2032,0.00540607
40.2198,0.00544743
40.2365,0.00495
40.2532,0.00515859
40.2698,0.00607759
40.2865,0.00588134
40.2924,0.0049107
40.3032,0.00534485
40.3198,0.00481361
40.3365,0.00492985
40.3532,0.00538796
40.3698,0.00483012
40.3866,0.00526691
40.4032,0.00532421
40.4199,0.0119096
40.4366,0.011645
40.4482,0.00774309
40.457,0.0047271
40.4737,0.00544123
40.4904,0.00577224
40.5071,0.0049665
40.5237,0.00535529
40.5404,0.00632086
40.5572,0.0055913
40.5628,0.00440034
40.5737,0.0105541
40.5904,0.00534008
40.6071,0.00557213
40.6237,0.00571821
40.6404,0.0116563
40.6571,0.00765029
40.6737,0.00636759
40.6904,0.0054822
40.7071,0.0057818
40.7128,0.005066
40.7237,0.00541856
40.7404,0.0111841
40.7571,0.00559391
40.7737,0.00508546
40.7904,0.00510357
40.8071,0.00603067
40.8238,0.00590766
40.8405,0.0067831
40.8571,0.00642788
40.8635,0.00554548
40.8739,0.00651051
40.8904,0.00670657
40.9071,0.00618053
40.9238,0.00576077
40.9404,0.00742188
40.9571,0.00561754
40.9737,0.00629913
40.9905,0.00617262
41.0071,0.00609699
41.0132,0.00494383
41.0237,0.00504121
41.0404,0.00555119
41.0571,0.00592867
41.0738,0.00647607
41.0904,0.00637826
41.1071,0.0063907
41.1237,0.00611877
41.1404,0.00720598
41.1571,0.00595972
41.1631,0.00542764
41.1738,0.00572946
41.1904,0.00607747
41.2071,0.00546352
41.2238,0.00542138
41.2404,0.00562512
41.2571,0.00518515
41.2738,0.00619306
41.2904,0.00591637
41.3071,0.00507634
41.3122,0.00502191
41.3237,0.00566344
41.3404,0.00534233
41.3571,0.00571597
41.3737,0.00520588
41.3904,0.00518718
41.4071,0.0059813
41.4238,0.00601297
41.4405,0.00734463
41.4572,0.00632849
41.4635,0.00555238
41.4737,0.00576443
41.4904,0.00543643
41.5071,0.00567954
41.5237,0.00550826
41.5404,0.00563555
41.5571,0.00578889
41.5738,0.00608119
41.5905,0.00646287
41.6071,0.0062603
41.6134,0.0054972
41.6238,0.00651356
41.6404,0.00596826
41.6571,0.00569395
41.6738,0.00585567
41.6904,0.00600283
41.7071,0.0060087
41.7238,0.00665041
41.7405,0.00605773
41.7571,0.00549975
41.7626,0.00591988
41.7738,0.00634356
41.7905,0.0063612
41.8071,0.00659418
41.8238,0.00710345
41.8404,0.00666834
41.8572,0.00666956
41.8738,0.00595012
41.8905,0.00629453
41.9071,0.00698478
41.9141,0.00539144
41.9238,0.00655767
41.9405,0.00656347
41.9571,0.0069704
41.9738,0.00668152
41.9905,0.00765363
42.0072,0.0081109
42.0239,0.00671345
42.0405,0.00609263
42.0572,0.0069451
42.0641,0.00572525
42.074,0.00691054
42.0905,0.00672138
42.1071,0.00548292
42.1238,0.00561289
42.1405,0.00569507
42.1572,0.00564956
42.1738,0.00576846
42.1905,0.00551665
42.2072,0.00585806
42.213,0.00563688
42.2238,0.00593888
42.2405,0.00575667
42.2572,0.0127432
42.2739,0.00655346
42.2905,0.00579293
42.3072,0.00580535
42.3239,0.00585312
42.3405,0.00803022
42.3572,0.00669978
42.3639,0.00596919
42.374,0.00733096
42.3905,0.00608576
42.4072,0.00660634
42.4239,0.0069608
42.4405,0.0070552
42.4572,0.00735112
42.4738,0.00697407
42.4905,0.00645952
42.5072,0.00755481
42.5147,0.00610155
42.5239,0.00735005
42.5405,0.00634138
42.5572,0.00653268
42.5739,0.00636632
42.5905,0.00661763
42.6072,0.00698699
42.6239,0.00645848
42.6405,0.00794456
42.6572,0.00778041
42.665,0.00642739
42.6739,0.00768102
42.6905,0.00791066
42.7072,0.00720778
42.7238,0.00717012
42.7405,0.00810308
42.7572,0.00728266
42.7739,0.00721936
42.7906,0.00716772
42.8072,0.00711215
42.8143,0.0064702
42.8239,0.00688495
42.8405,0.00651389
42.8572,0.00715441
42.8739,0.00774342
42.8906,0.00746756
42.9072,0.0146632
42.9239,0.00677382
42.9406,0.00703454
42.9573,0.00772346
42.965,0.00625678
42.974,0.00928681
42.9906,0.00656194
43.0074,0.00793423
43.024,0.00724478
43.0407,0.0066737
43.0573,0.00705049
43.074,0.00656152
43.0907,0.00651914
43.1073,0.00765166
43.115,0.00631387
43.1241,0.00736051
43.1407,0.00754304
43.1573,0.00730746
43.174,0.00707906
43.1907,0.0076348
43.2074,0.00774561
43.224,0.00764288
43.2407,0.00775351
43.2574,0.00707957
43.2645,0.00683996
43.274,0.00820968
43.2907,0.00817708
43.3074,0.00779502
43.324,0.00767508
43.3407,0.00805556
43.3574,0.00748124
43.374,0.00695522
43.3908,0.00674892
43.4074,0.00788991
43.4153,0.00641093
43.4241,0.00746413
43.4407,0.00762754
43.4574,0.00768957
43.4741,0.0075521
43.4908,0.00746823
43.5074,0.00730968
43.5241,0.00875723
43.5408,0.00956668
43.5574,0.00949039
43.5669,0.00805433
43.5761,0.00689844
43.5928,0.00838069
43.6095,0.00839126
43.6262,0.0071943
43.6428,0.00748689
43.6595,0.00782314
43.6762,0.00697918
43.6929,0.00744622
43.7003,0.00671667
43.7095,0.00789927
43.7262,0.0073451
43.7428,0.00728253
43.7595,0.00780414
43.7762,0.00815567
43.7932,0.00835714
43.8098,0.0100447
43.8262,0.00919697
43.8429,0.0095512
43.8525,0.00756181
43.8614,0.0079049
43.8781,0.0111179
43.8948,0.00805896
43.9114,0.00779839
43.9281,0.00908945
43.9448,0.0083486
43.9615,0.00844521
43.9699,0.00680539
43.9782,0.00754965
43.9949,0.00873862
44.0117,0.0119277
44.0282,0.0121432
44.0449,0.0107673
44.0616,0.0114681
44.0782,0.00796843
44.0949,0.00833321
44.1116,0.00839137
44.12,0.00838293
44.13,0.00763544
44.1469,0.00791783
44.1635,0.00801446
44.1801,0.00831822
44.1968,0.00822486
44.2135,0.00784276
44.2301,0.00816558
44.2468,0.00848862
44.2553,0.00701953
44.2643,0.00750744
44.2811,0.00883023
44.2978,0.00775468
44.3144,0.00828073
44.3311,0.00962415
44.3478,0.0104244
44.3644,0.00950572
44.381,0.0100415
44.3977,0.00866486
44.4064,0.00890965
44.4187,0.00775387
44.4354,0.00754684
44.452,0.00732859
44.4686,0.00707797
44.4853,0.00748768
44.5021,0.00874299
44.5108,0.00725352
44.5193,0.00772705
44.536,0.007133
44.5527,0.00723976
44.5694,0.00748135
44.5861,0.00773315
44.6028,0.00741136
44.6194,0.00778918
44.6361,0.00848992
44.6527,0.0153832
44.6681,0.0068985
44.6762,0.00787014
44.6929,0.00801176
44.7096,0.00839214
44.7262,0.0111104
44.7429,0.00833201
44.7512,0.00754429
44.7599,0.00772657
44.7766,0.00838269
44.7933,0.00811158
44.8099,0.00823361
44.8266,0.0088187
44.8432,0.0077363
44.8599,0.00773537
44.8766,0.00761036
44.8842,0.00877998
44.8942,0.00770289
44.9109,0.00758272
44.9275,0.00772416
44.9442,0.0078649
44.9608,0.00823095
44.9775,0.00789492
44.9942,0.00793988
45.0109,0.00851829
45.0275,0.00781209
45.0354,0.00734388
45.0443,0.00806586
45.0609,0.00772373
45.0776,0.00765718
45.0943,0.00819795
45.1109,0.0083634
45.1276,0.00842686
45.1443,0.00844767
45.1609,0.00812001
45.1776,0.00796392
45.1856,0.00733124
45.1943,0.00796069
45.211,0.00748871
45.2277,0.00817032
45.2443,0.00853721
45.261,0.00809823
45.2777,0.00842868
45.2943,0.00862321
45.311,0.00813574
45.3276,0.00836166
45.336,0.00828885
45.3464,0.00930864
45.3632,0.00909258
45.3799,0.00955196
45.3966,0.00889018
45.4132,0.00907183
45.4299,0.00945759
45.4465,0.00913167
45.4557,0.00762351
45.4651,0.0085298
45.4821,0.00905885
45.4986,0.00910986
45.5153,0.00847209
45.5319,0.00880018
45.5486,0.00910669
45.5652,0.00924999
45.582,0.00910078
45.5911,0.00751348
45.6004,0.008042
45.6172,0.00794478
45.6339,0.0079332
45.6506,0.00937083
45.6672,0.00855761
45.6839,0.0081849
45.7006,0.00839089
45.7172,0.00847013
45.7257,0.00766255
45.7348,0.00847006
45.7516,0.00837827
45.7683,0.00852924
45.7849,0.00806684
45.8016,0.00828787
45.8183,0.00756037
45.8349,0.00792761
45.8516,0.00817813
45.8598,0.00764423
45.8688,0.00801187
45.8856,0.00841277
45.9023,0.00807365
45.9189,0.00829204
45.9356,0.00830146
45.9523,0.00990633
45.9691,0.00923363
45.9856,0.0101007
46.0023,0.00929142
46.0116,0.00825347
46.0211,0.00827821
46.0379,0.0085351
46.0545,0.00784246
46.0712,0.00895526
46.0879,0.00916039
46.1045,0.00874136
46.1212,0.00981164
46.1379,0.0103951
46.1483,0.00952632
46.159,0.00777837
46.1757,0.00818884
46.1924,0.00830447
46.209,0.00813764
46.2257,0.00820418
46.2424,0.0084621
46.2509,0.00864891
46.2608,0.00877323
46.2775,0.00866495
46.2942,0.0085101
46.3109,0.0084881
46.3275,0.00880154
46.3442,0.00854729
46.3609,0.00895915
46.3775,0.00905067
46.3866,0.00771159
46.3956,0.00849415
46.4124,0.00912714
46.4289,0.0091863
46.4456,0.00955263
46.4623,0.0095431
46.4792,0.00946951
46.4957,0.00941861
46.5123,0.010294
46.5226,0.00779862
46.533,0.0104201
46.5498,0.0103694
46.5664,0.00923695
46.5831,0.00911629
46.5996,0.00880342
46.6163,0.00893381
46.633,0.00911192
46.6421,0.00799967
46.6517,0.00854851
46.6684,0.0096804
46.6851,0.00974361
46.7018,0.0086419
46.7184,0.00927343
46.7352,0.0087538
46.7518,0.00809147
46.7599,0.0078807
46.7693,0.00805594
46.786,0.00809101
46.8027,0.00861632
46.8194,0.00769184
46.836,0.00957119
46.8528,0.0104488
46.8694,0.0107757
46.8861,0.00958123
46.9027,0.00832631
46.9111,0.00789352
46.9203,0.00811881
46.9371,0.00817143
46.9537,0.00836371
46.9704,0.00856079
46.9871,0.00816638
47.0037,0.00846579
47.0204,0.00794096
47.0371,0.00815283
47.0453,0.008055
47.0547,0.00827988
47.0714,0.00826092
47.088,0.00834606
47.1047,0.00857457
47.1214,0.00818603
47.1382,0.00903257
47.1548,0.0102851
47.1714,0.00978312
47.1812,0.00787025
47.1904,0.00853258
47.2071,0.00870097
47.2238,0.00853718
47.2404,0.00914438
47.2571,0.00946333
47.2738,0.00901759
47.2904,0.00921027
47.3071,0.00891603
47.316,0.00806972
47.3253,0.00831705
47.342,0.00848748
47.3586,0.00877753
47.3753,0.010413
47.392,0.0106177
47.4086,0.00935708
47.4253,0.0104156
47.442,0.00954887
47.4515,0.00814091
47.4611,0.00937664
47.4779,0.00956839
47.4946,0.0102674
47.5112,0.00977168
47.5279,0.00921176
47.5446,0.00973539
47.5613,0.0097151
47.5779,0.00985608
47.5878,0.00877347
47.5986,0.00892933
47.6153,0.00921597
47.632,0.0092111
47.6488,0.00908221
47.6653,0.0111824
47.682,0.0113128
47.6933,0.00841875
47.703,0.0113221
47.7197,0.0105248
47.7364,0.00883194
47.7531,0.00934696
47.7697,0.011049
47.7865,0.0112754
47.7977,0.0102017
47.8092,0.0086669
47.8259,0.00900015
47.8426,0.00968141
47.8592,0.00926571
47.8759,0.00920466
47.8926,0.00982252
47.9024,0.00856653
47.9127,0.00916753
47.9294,0.00978218
47.946,0.00953028
47.9627,0.0102059
47.9794,0.00997353
47.996,0.0103594
48.0127,0.0112725
48.024,0.009095
48.0346,0.00917194
48.0513,0.00978567
48.0681,0.0127122
48.0847,0.0102741
48.1014,0.0105301
48.1119,0.0100318
48.1234,0.0102248
48.1401,0.00978552
48.1567,0.0103475
48.1734,0.00984918
48.1901,0.00972291
48.2068,0.0102846
48.217,0.00895787
48.2274,0.00911102
48.2441,0.00977306
48.2607,0.0100217
48.2774,0.0101149
48.2941,0.0107393
48.3107,0.0105144
48.3274,0.010208
48.3376,0.0090948
48.3485,0.00950243
48.3653,0.0102741
48.382,0.0105166
48.3987,0.011006
48.4153,0.010413
48.432,0.0148948
48.4469,0.0109526
48.4591,0.00929748
48.4758,0.0100068
48.4925,0.0102964
48.5028,0.00981552
48.5147,0.00979828
48.5315,0.0107702
48.5481,0.0102743
48.5648,0.0104482
48.5817,0.0106778
48.5924,0.00965067
48.6034,0.0101141
48.6201,0.00992622
48.6368,0.0106129
48.6535,0.0102031
48.6701,0.0101857
48.6869,0.0112116
48.6981,0.0097082
48.7091,0.010517
48.7258,0.0113637
48.7425,0.0112031
48.7592,0.0114718
48.7758,0.0112891
48.7925,0.0106375
48.8031,0.00919819
48.8143,0.00971932
48.831,0.0103788
48.8477,0.0105872
48.8644,0.010858
48.881,0.0109888
48.8978,0.0109856
48.9088,0.00963945
48.9199,0.00953774
48.9366,0.0100052
48.9532,0.0103454
48.9699,0.0105498
48.9867,0.0120211
48.9987,0.00976973
49.0099,0.00988222
49.0267,0.0108884
49.0433,0.0111262
49.06,0.0107002
49.0767,0.0106426
49.0873,0.00931188
49.099,0.0127215
49.1157,0.0122697
49.1324,0.0129842
49.149,0.0120279
49.1657,0.012245
49.1824,0.0122785
49.1946,0.0112338
49.2072,0.00966456
49.2239,0.0109348
49.2406,0.0105494
49.2573,0.0102893
49.2676,0.00942894
49.2787,0.0107294
49.2954,0.010504
49.3121,0.0106625
49.3288,0.0114204
49.3454,0.0114305
49.3621,0.0113123
49.3734,0.00969025
49.3847,0.0099342
49.4014,0.0110489
49.4181,0.0120164
49.4347,0.0109765
49.4514,0.0106871
49.4681,0.0106056
49.4787,0.00953595
49.4897,0.010071
49.5064,0.0105075
49.5231,0.00985891
49.5397,0.0107958
49.5564,0.0111838
49.5676,0.00963849
49.5787,0.00989722
49.5954,0.0115371
49.6121,0.011986
49.6288,0.0119999
49.6455,0.0110679
49.6621,0.011405
49.6735,0.00971661
49.6848,0.0100755
49.7015,0.0109929
49.7182,0.0109866
49.7348,0.0112477
49.7515,0.0108777
49.7624,0.0099601
49.7737,0.0102202
49.7904,0.010422
49.8071,0.0103915
49.8238,0.0100982
49.8404,0.0109311
49.8571,0.0107702
49.8678,0.00976849
49.8791,0.0102428
49.8958,0.0111279
49.9124,0.0126106
49.9291,0.0119101
49.9459,0.0117946
49.9626,0.0115873
49.9742,0.010168
49.9857,0.0109206
50.0026,0.0123504
50.0191,0.0121222
50.0358,0.0113939
50.0526,0.012007
50.0646,0.0100892
50.0761,0.0102667
50.0928,0.0115291
50.1094,0.0111406
50.1261,0.0106742
50.1428,0.0108746
50.1536,0.0104212
50.1661,0.0108567
50.1828,0.0110399
50.1995,0.0105758
50.2163,0.0126419
50.2328,0.0126726
50.2455,0.0101555
50.2574,0.0112194
50.2741,0.0109939
50.2908,0.0105368
50.3075,0.0107768
50.3182,0.00987076
50.3294,0.00998852
50.3462,0.0119564
50.3629,0.01208
50.3796,0.0114672
50.3962,0.0115942
50.4129,0.0123286
50.4252,0.0105722
50.4373,0.0115149
50.454,0.0121888
50.4706,0.0133796
50.4873,0.0119847
50.4993,0.01014
50.5107,0.0108818
50.5274,0.0102831
50.5441,0.0101658
50.5607,0.0111593
50.5774,0.0112157
50.5886,0.00990903
50.6003,0.0102922
50.6171,0.0112114
50.6337,0.0114229
50.6504,0.0113313
50.667,0.0116091
50.6787,0.0102596
50.6902,0.0105834
50.7069,0.0108821
50.7236,0.0114644
50.7403,0.0111189
50.7569,0.0111449
50.7681,0.0100045
50.7794,0.00998335
50.7963,0.0109273
50.813,0.0111231
50.8296,0.0110524
50.8463,0.0117377
50.8633,0.0122914
50.8756,0.0109354
50.8881,0.0125953
50.9049,0.0122426
50.9216,0.0121748
50.9337,0.0106349
50.9458,0.0111977
50.9624,0.0113024
50.9793,0.0121469
50.9959,0.0118028
51.0125,0.0112786
51.0238,0.0108266
51.036,0.0110204
51.0527,0.0110245
51.0694,0.0116295
51.086,0.0111172
51.1027,0.0110885
51.1138,0.0105388
51.1256,0.0111724
51.1423,0.0110806
51.159,0.0114298
51.1756,0.0110622
51.1923,0.0112401
51.2036,0.01059
51.2162,0.0113605
51.233,0.011692
51.2497,0.0119204
51.2663,0.0119485
51.283,0.0118497
51.2949,0.0108046
51.3071,0.011484
51.3239,0.0117205
51.3405,0.0117955
51.3573,0.0124502
51.3697,0.0104085
51.3815,0.0108716
51.3982,0.0121797
51.4149,0.0139957
51.4316,0.0123631
51.4439,0.0117136
51.4573,0.0121824
51.4741,0.0120549
51.4907,0.0116205
51.5074,0.011357
51.5188,0.0103853
51.5305,0.0105797
51.5473,0.011996
51.564,0.0123068
51.5807,0.0122265
51.5973,0.0127332
51.6101,0.010969
51.6225,0.0116326
51.6392,0.0118224
51.656,0.0123345
51.6727,0.012128
51.6849,0.0110457
51.6974,0.0105997
51.7142,0.0122457
51.7308,0.0125849
51.7475,0.0126761
51.7602,0.0110351
51.7728,0.0118369
51.7898,0.0125311
51.8063,0.0122402
51.823,0.0120073
51.835,0.0110639
51.8475,0.0108132
51.8643,0.0126928
51.8809,0.0131142
51.8976,0.0150439
51.9127,0.0134963
51.9277,0.0109352
51.9386,0.0109908
51.9513,0.0141737
51.9681,0.0139726
51.9848,0.0139046
52.0015,0.0145592
52.016,0.0130606
52.0305,0.0111664
52.0473,0.0120473
52.0594,0.0112391
52.0721,0.013046
52.0892,0.0130913
52.1055,0.0164515
52.1242,0.0121119
52.1363,0.0108855
52.1485,0.0109648
52.1653,0.0126452
52.1819,0.0124519
52.1944,0.0115471
52.2073,0.0128753
52.2241,0.0122454
52.2408,0.012325
52.2574,0.012787
52.2702,0.0107759
52.2823,0.0111332
52.2991,0.0121523
52.3157,0.014934
52.3329,0.0134041
52.3464,0.0112956
52.359,0.0114392
52.3758,0.0123544
52.3924,0.0128581
52.4053,0.0110906
52.4184,0.014744
52.436,0.013166
52.4527,0.0123747
52.4651,0.0107516
52.4772,0.0111375
52.4939,0.012766
52.5106,0.0121676
52.5272,0.0123767
52.5396,0.0110627
52.5522,0.0112716
52.5689,0.0124993
52.5856,0.0130205
52.6023,0.0152752
52.6176,0.0132366
52.6322,0.0110818
52.6432,0.0132235
52.6579,0.0114985
52.6746,0.0120695
52.6913,0.0132702
52.708,0.0126611
52.7206,0.0117654
52.7337,0.0113135
52.7505,0.0123269
52.7672,0.0120669
52.7793,0.0112903
52.7919,0.0114089
52.8086,0.0123876
52.8253,0.0126352
52.842,0.0121379
52.8541,0.0113537
52.8673,0.0114712
52.8841,0.0122143
52.9007,0.0124683
52.9174,0.0134251
52.9309,0.0120786
52.9442,0.0121764
52.9609,0.0128336
52.9776,0.0131662
52.9908,0.0122544
53.0045,0.0128112
53.0212,0.0136593
53.0379,0.013164
53.0511,0.0123845
53.0648,0.0119563
53.0816,0.0158081
53.0974,0.0144903
53.1133,0.0118895
53.1251,0.0133371
53.1408,0.0129286
53.1576,0.0125448
53.1701,0.0115586
53.1831,0.0116491
53.1999,0.0127667
53.2166,0.014061
53.2306,0.0123107
53.2444,0.0124682
53.261,0.0131196
53.2778,0.0131288
53.2909,0.0167891
53.309,0.0119147
53.3209,0.0117562
53.3343,0.0149582
53.3511,0.0134894
53.3678,0.0156909
53.3835,0.0139468
53.3988,0.0117747
53.4106,0.014643
53.4275,0.0128801
53.4403,0.0117875
53.4538,0.0135538
53.4706,0.0136829
53.4873,0.0133481
53.5006,0.0115948
53.5138,0.0128903
53.5306,0.0152635
53.5482,0.0157949
53.564,0.0143265
53.5797,0.011527
53.5912,0.0114422
53.6041,0.0128584
53.6208,0.0130533
53.6375,0.0131464
53.6506,0.011519
53.6635,0.0118232
53.6803,0.0134696
53.6969,0.0125008
53.7094,0.0118447
53.7227,0.0123881
53.7395,0.0134109
53.7561,0.0141656
53.7728,0.0124915
53.7853,0.0123905
53.7991,0.0113277
53.8159,0.0123913
53.8325,0.0127702
53.8453,0.0113649
53.8581,0.0117018
53.875,0.0125376
53.8916,0.0130443
53.9046,0.0117134
53.9179,0.0121931
53.9347,0.0139854
53.9513,0.0124617
53.968,0.0131912
53.9812,0.0117177
53.9943,0.0118378
54.011,0.0127722
54.0277,0.0137495
54.0414,0.0127244
54.0556,0.0128092
54.0724,0.0138422
54.0862,0.0118577
54.0996,0.0116779
54.1164,0.0133674
54.133,0.0133639
54.1464,0.0122179
54.16,0.0120766
54.1767,0.0127151
54.1894,0.0123385
54.2034,0.0127407
54.2203,0.0134799
54.2369,0.01429
54.2512,0.0137689
54.2666,0.0126834
54.2793,0.0131856
54.2941,0.0128928
54.3108,0.0135523
54.3275,0.0140847
54.3416,0.0123485
54.3557,0.0131981
54.3725,0.0141333
54.3866,0.0120366
54.4002,0.0120159
54.4169,0.0149733
54.4319,0.0127974
54.4462,0.0121362
54.463,0.0143782
54.4774,0.0126149
54.4914,0.0123782
54.5038,0.0122813
54.518,0.0136712
54.5347,0.0133532
54.5514,0.0140088
54.5681,0.0137531
54.5819,0.0125346
54.5958,0.0118621
54.6126,0.0146228
54.6272,0.0123558
54.6412,0.0129401
54.658,0.0139382
54.6719,0.0126218
54.6859,0.012595
54.7027,0.0140808
54.7168,0.0123964
54.7306,0.0128877
54.7474,0.0129785
54.7603,0.0120539
54.774,0.0134758
54.7907,0.0140167
54.8073,0.0141434
54.8215,0.0121245
54.8351,0.0122722
54.8519,0.0137545
54.8656,0.0128848
54.881,0.015044
54.8984,0.0141939
54.9126,0.0123665
54.9263,0.0126205
54.943,0.0137859
54.9568,0.0126924
54.9711,0.0129433
54.9878,0.0140317
55.0018,0.0124034
55.0158,0.0126535
55.0325,0.0139707
55.0465,0.0127932
55.0606,0.0125093
55.0774,0.0142091
55.0916,0.0126322
55.106,0.0133147
55.1227,0.0136665
55.1364,0.0124767
55.1504,0.0130819
55.1671,0.0138578
55.181,0.0127267
55.1952,0.0139492
55.2119,0.0156275
55.2275,0.0146581
55.2436,0.0131965
55.2568,0.0128749
55.2714,0.0138345
55.2852,0.013957
55.3006,0.0129283
55.3173,0.0138984
55.3312,0.0126732
55.3454,0.0127444
55.3621,0.0137957
55.3759,0.0133302
55.3908,0.0136236
55.4076,0.0146812
55.4223,0.0130492
55.4369,0.0128796
55.4497,0.012925
55.4642,0.0128902
55.481,0.0144571
55.4977,0.0134516
55.5111,0.0141891
55.5268,0.0130463
55.5399,0.0127834
55.5542,0.0133973
55.571,0.0139977
55.5876,0.0147874
55.6024,0.01281
55.6167,0.0128257
55.6296,0.0128672
55.6441,0.0128534
55.6607,0.0144485
55.6775,0.013409
55.6909,0.0126792
55.7051,0.0132525
55.7219,0.013885
55.7357,0.0123979
55.7498,0.0127317
55.7666,0.0139887
55.7806,0.0130079
55.795,0.0136792
55.8117,0.0139204
55.8257,0.0130985
55.8403,0.0134094
55.857,0.0139121
55.871,0.01275
55.8851,0.0131833
55.9018,0.0148671
55.9167,0.0130635
55.9313,0.0132958
55.948,0.0140712
55.9621,0.0132167
55.9767,0.0132746
55.99,0.013049
56.0044,0.0132623
56.0212,0.0147902
56.0379,0.013795
56.0517,0.0128495
56.0661,0.0130715
56.0828,0.0140669
56.0968,0.0132938
56.1118,0.0142966
56.1261,0.014349
56.142,0.0144255
56.1564,0.0133641
56.1713,0.0142484
56.188,0.0146512
56.2027,0.0136367
56.2178,0.0139319
56.2317,0.0136637
56.2468,0.0135584
56.2604,0.0136895
56.2755,0.0136329
56.2922,0.0146933
56.3069,0.0132274
56.3218,0.0142546
56.3361,0.0132153
56.351,0.0140049
56.3678,0.0154183
56.3832,0.0142698
56.399,0.0139618
56.413,0.0137356
56.4283,0.0133356
56.4416,0.0135367
56.4567,0.0145595
56.4713,0.0132048
56.4861,0.0135903
56.5028,0.0191977
56.522,0.0137887
56.5373,0.0140957
56.5514,0.0137487
56.5667,0.0147633
56.5815,0.0139801
56.597,0.0133572
56.6104,0.0139786
56.6258,0.0133825
56.6392,0.013765
56.6545,0.0147607
56.6693,0.0133016
56.6841,0.013236
56.6974,0.0137105
56.7127,0.0132298
56.7259,0.0138472
56.7413,0.0138997
56.758,0.0149093
56.7729,0.0141524
56.7887,0.0145241
56.8032,0.0133977
56.8182,0.0133744
56.8316,0.0139618
56.8469,0.0135053
56.8604,0.0140355
56.8761,0.0137792
56.8928,0.0148332
56.9076,0.0140666
56.9233,0.0145657
56.9379,0.0134426
56.9529,0.0135553
56.9664,0.0138429
56.9818,0.0134506
56.9953,0.0141208
57.0109,0.013581
57.0276,0.0159813
57.0436,0.0145006
57.0597,0.0150059
57.0748,0.0138118
57.0902,0.0149594
57.1052,0.014122
57.1208,0.0147483
57.1356,0.01458
57.1518,0.0145215
57.1663,0.0145432
57.1824,0.0144274
57.1969,0.0144374
57.2129,0.0141157
57.2271,0.0141592
57.2426,0.0142126
57.2569,0.0136992
57.2729,0.0154868
57.2884,0.0138394
57.3038,0.0137585
57.3175,0.0139084
57.333,0.0142313
57.3473,0.0143575
57.3636,0.0146497
57.3783,0.0142902
57.3941,0.0146322
57.4087,0.0143989
57.4249,0.0154094
57.4403,0.0145937
57.4566,0.0151513
57.4717,0.0147647
57.4884,0.0157694
57.5042,0.0142004
57.5204,0.0149217
57.5353,0.0144056
57.5513,0.0149468
57.5663,0.0147155
57.5824,0.0150127
57.5974,0.0146877
57.6121,0.0142925
57.6279,0.0145681
57.6425,0.0142895
57.6568,0.0137355
57.6721,0.0141363
57.6863,0.0144579
57.7007,0.0139945
57.7163,0.0147181
57.731,0.0136764
57.7463,0.0140714
57.7603,0.0138534
57.7758,0.0140151
57.7898,0.0138745
57.8053,0.0140431
57.8193,0.0139648
57.835,0.0145363
57.8495,0.0139196
57.8649,0.0153151
57.8802,0.0143285
57.896,0.01467
57.9107,0.0143767
57.9267,0.0142427
57.9409,0.0145987
57.9555,0.0140307
57.971,0.0141332
57.9851,0.0145325
58.0012,0.0157429
58.0169,0.0142284
58.0326,0.0148468
58.0474,0.0142664
58.0617,0.0139331
58.0771,0.0147752
58.0919,0.0138136
58.1057,0.0137675
58.1208,0.0139569
58.1347,0.0140299
58.1502,0.014757
58.165,0.013878
58.1802,0.0139683
58.1942,0.0137769
58.2093,0.0139943
58.2233,0.0141514
58.239,0.0156656
58.2546,0.0172027
58.2732,0.0140844
58.2873,0.0169
58.3042,0.0138521
58.3195,0.0139201
58.3334,0.0165037
58.3499,0.0142799
58.3656,0.0157334
58.3813,0.0155765
58.3969,0.0139158
58.4122,0.0143617
58.4266,0.018326
58.4449,0.0138763
58.4602,0.0141803
58.4744,0.0171423
58.4916,0.0139245
58.5069,0.0140624
58.521,0.0171705
58.5381,0.0139839
58.5535,0.014265
58.5678,0.0171622
58.5849,0.0142155
58.6008,0.017761
58.6186,0.0141752
58.6328,0.0140917
58.6482,0.015225
58.6635,0.0166601
58.6801,0.0138215
58.6939,0.0138479
58.7092,0.0142722
58.7235,0.0171471
58.7407,0.0139596
58.7546,0.0139443
58.77,0.0141085
58.7841,0.0161549
58.8003,0.0144351
58.8147,0.0137651
58.8298,0.014129
58.844,0.0169397
58.8609,0.0136975
58.8746,0.0137511
58.8898,0.0139781
58.9038,0.0169772
58.9207,0.01391
58.9346,0.0140473
58.9502,0.017351
58.9676,0.0139953
58.9816,0.0139766
58.9955,0.0140428
59.011,0.0145252
59.0255,0.0172335
59.0427,0.0139057
59.0566,0.0139335
59.072,0.0141201
59.0862,0.0170759
59.1032,0.0137577
59.117,0.0137859
59.1322,0.0148179
59.147,0.0166446
59.1637,0.0141607
59.1779,0.0142266
59.1935,0.0159035
59.2094,0.0146423
59.2241,0.0143128
59.2384,0.0144597
59.2542,0.0146707
59.2689,0.014745
59.2837,0.0144859
59.2982,0.0143089
59.314,0.0149455
59.3289,0.014674
59.3436,0.0143771
59.358,0.0143222
59.3737,0.014687
59.3884,0.0145977
59.403,0.0142628
59.4173,0.014315
59.433,0.014674
59.4477,0.0143184
59.462,0.0143637
59.4764,0.0141551
59.4919,0.0143888
59.5063,0.0145266
59.5208,0.0143665
59.5352,0.0141816
59.5508,0.0147685
59.5655,0.0142729
59.5798,0.0141709
59.594,0.0141304
59.6095,0.0145808
59.6241,0.0147067
59.6388,0.0140494
59.6529,0.0140237
59.6683,0.0142254
59.6825,0.0142665
59.6968,0.0142733
59.711,0.0139825
59.7264,0.0144907
59.7409,0.0145271
59.7554,0.0142158
59.7697,0.0140961
59.7851,0.0143647
59.7995,0.014342
59.8138,0.0144041
59.8296,0.0146756
59.8443,0.0142065
59.8585,0.0139446
59.8739,0.0142621
59.8882,0.0145646
59.9028,0.0142261
59.9184,0.0144422
59.9329,0.0141336
59.947,0.0142279
59.9627,0.0144868
59.9771,0.0140389
59.9912,0.0137034
60.0063,0.0139668
60.0203,0.0138662
60.0341,0.0137481
60.0493,0.0139568
60.0633,0.0135576
60.0769,0.0132768
60.0915,0.0134722
60.105,0.0137211
60.1187,0.0133381
60.1335,0.0141999
60.1477,0.0137539
60.1614,0.0136199
60.1764,0.0142653
60.1907,0.0143253
60.205,0.0139785
60.2204,0.014252
60.2347,0.0143592
60.2506,0.0154024
60.266,0.0140294
60.2814,0.0148044
60.2962,0.0143256
60.3119,0.0144918
60.3264,0.0143478
60.3408,0.0141473
60.3563,0.014434
60.3707,0.0145953
60.3867,0.0145203
60.4013,0.0145148
60.4158,0.0145812
60.4319,0.0153088
60.4472,0.0145481
60.4617,0.0140933
60.4773,0.0143633
60.4916,0.0145474
60.5062,0.0142319
60.5219,0.0147905
60.5367,0.0148871
60.5515,0.0142831
60.5673,0.0147848
60.582,0.0144661
60.5965,0.0145065
60.6124,0.0149375
60.6274,0.0146307
60.642,0.0143451
60.6578,0.014491
60.6723,0.0148718
60.6872,0.0144615
60.703,0.014626
60.7177,0.0146967
60.7324,0.0146397
60.7485,0.0149198
60.7634,0.0147315
60.7781,0.0143744
60.794,0.0150833
60.809,0.0147634
60.8238,0.0142653
60.8396,0.0147049
60.8543,0.0147415
60.869,0.0144353
60.885,0.014725
60.8997,0.0146748
60.9144,0.0145407
60.9303,0.0147431
60.9451,0.01465
60.9597,0.0143072
60.9755,0.0145528
60.99,0.0151883
61.0052,0.0143133
61.021,0.0144831
61.0355,0.0146277
61.0501,0.0144408
61.0659,0.0151276
61.081,0.0145086
61.0956,0.0142699
61.1113,0.0147813
61.1261,0.0150639
61.1411,0.0142179
61.1568,0.0144674
61.1712,0.0148137
61.186,0.0142625
61.202,0.0144926
61.2165,0.0147689
61.2313,0.0146686
61.2474,0.0151442
61.2625,0.0146125
61.2771,0.0142206
61.2928,0.0143676
61.3072,0.0147857
61.3219,0.0143833
61.3378,0.0146443
61.3524,0.0148319
61.3672,0.0144102
61.3833,0.0148823
61.3982,0.0145131
61.4127,0.0143311
61.4285,0.0157185
61.4442,0.0149075
61.4591,0.0145027
61.475,0.014737
61.4897,0.0149753
61.5047,0.0144425
61.5206,0.0148396
61.5354,0.0149947
61.5504,0.0144637
61.5663,0.0151199
61.5814,0.0144671
61.5959,0.0143833
61.6117,0.0149906
61.6267,0.0148244
61.6415,0.0143688
61.6573,0.0147363
61.6721,0.0152137
61.6873,0.0144624
61.7032,0.0145969
61.7178,0.0146586
61.7325,0.0145335
61.7484,0.0148802
61.7633,0.014622
61.778,0.0143408
61.7938,0.0147004
61.8085,0.014804
61.8233,0.0144527
61.8392,0.0147073
61.8539,0.0149091
61.8689,0.0144304
61.8848,0.0146287
61.8994,0.0149334
61.9143,0.0148567
61.9306,0.0159497
61.9466,0.0168987
61.9635,0.0143672
61.9794,0.0145292
61.9939,0.0170132
62.0109,0.0141823
62.0251,0.0141878
62.0407,0.0144569
62.0551,0.0169709
62.0721,0.0139918
62.0861,0.0140498
62.1017,0.0141436
62.1158,0.0138952
62.1297,0.0166245
62.1463,0.0138196
62.1616,0.0143399
62.176,0.0168856
62.1929,0.0139437
62.2068,0.0139974
62.2223,0.0143581
62.2366,0.0161814
62.2528,0.0141868
62.267,0.0142833
62.2828,0.0145179
62.2973,0.0142473
62.3116,0.0142393
62.3258,0.0144315
62.3416,0.0144495
62.3561,0.0142191
62.3703,0.014333
62.3847,0.0143164
62.4004,0.0147214
62.4151,0.014469
62.4296,0.0143982
62.444,0.014298
62.4597,0.0147163
62.4744,0.0146146
62.489,0.0144249
62.5034,0.0144193
62.5192,0.0145531
62.5338,0.0145365
62.5483,0.0143603
62.5627,0.0142412
62.5784,0.0146317
62.593,0.0144128
62.6074,0.0143241
62.6217,0.0142945
62.6374,0.0145003
62.6519,0.0145591
62.6665,0.0144792
62.681,0.014355
62.6968,0.0147871
62.7116,0.0143374
62.7259,0.0143572
62.7403,0.014287
62.756,0.0145896
62.7706,0.0143681
62.785,0.0142402
62.8006,0.0147472
62.8154,0.0143475
62.8297,0.0143106
62.8455,0.0159233
62.8614,0.0176915
62.8791,0.0144638
62.8949,0.0148647
62.9098,0.0172946
62.9271,0.0144172
62.9415,0.0143076
62.9572,0.0145096
62.9717,0.017572
62.9893,0.0143991
63.0037,0.0143603
63.0194,0.0147041
63.0341,0.0172867
63.0514,0.0145278
63.066,0.0144831
63.0819,0.0180925
63.1,0.0144732
63.1145,0.014397
63.1289,0.0145035
63.1449,0.0148317
63.1597,0.0176241
63.1773,0.0144784
63.1918,0.0145656
63.2077,0.0144788
63.2222,0.0175821
63.2397,0.0144512
63.2542,0.0143358
63.2685,0.0142429
63.2842,0.0176715
63.3019,0.0140473
63.3159,0.0141768
63.3301,0.0141044
63.3442,0.0139503
63.3596,0.0142179
63.3738,0.0179023
63.3917,0.014039
63.4057,0.0141248
63.4199,0.0139858
63.4352,0.0146352
63.4499,0.0155369
63.4654,0.0156738
63.4811,0.014167
63.4952,0.0141426
63.5109,0.0144087
63.5253,0.0171544
63.5424,0.0144164
63.5569,0.0142546
63.5711,0.0143118
63.5868,0.0145729
63.6014,0.0171462
63.6185,0.014436
63.633,0.0143879
63.6474,0.014311
63.663,0.0146313
63.6776,0.0171208
63.6947,0.0142638
63.709,0.0144178
63.7234,0.0143448
63.7393,0.014435
63.7537,0.0171154
63.7709,0.01423
63.7851,0.014341
63.7994,0.0142963
63.8153,0.0155214
63.8308,0.0163723
63.8472,0.0143871
63.8616,0.0143255
63.8759,0.0142586
63.8915,0.014612
63.9061,0.01751
63.9236,0.0143129
63.9379,0.0143215
63.9523,0.0142697
63.968,0.0143427
63.9823,0.0149427
63.9973,0.0169833
64.0142,0.0142876
64.0285,0.0142392
64.0443,0.0145215
64.0588,0.0174382
64.0763,0.0143814
64.0907,0.0143389
64.105,0.014421
64.1209,0.0146907
64.1356,0.0173915
64.153,0.0144385
64.1674,0.0143383
64.1817,0.0143244
64.1975,0.0145397
64.212,0.0172136
64.2292,0.0142846
64.2435,0.0145005
64.258,0.0143249
64.2723,0.0143806
64.2881,0.0146237
64.3027,0.0172432
64.32,0.0144125
64.3344,0.014354
64.3487,0.0144843
64.3632,0.0143896
64.379,0.0146789
64.3937,0.017179
64.4108,0.0144099
64.4253,0.0143269
64.4396,0.0145438
64.4541,0.0144389
64.47,0.0147094
64.4847,0.0174438
64.5022,0.01452
64.5167,0.0145396
64.5312,0.0145099
64.5457,0.0145318
64.5617,0.0145805
64.5763,0.0172674
64.5935,0.014422
64.6079,0.0142935
64.6222,0.0140778
64.6363,0.0140558
64.6518,0.0143395
64.6662,0.0141134
64.6803,0.0170209
64.6973,0.0140965
64.7114,0.0140044
64.7254,0.0138781
64.7407,0.014133
64.7548,0.0167959
64.7716,0.0139372
64.7855,0.0138678
64.7994,0.0138736
64.8133,0.0141264
64.8288,0.014568
64.8433,0.0170587
64.8604,0.0141731
64.8746,0.0142028
64.8888,0.0142038
64.903,0.0143209
64.9187,0.0158748
64.9346,0.0171871
64.9518,0.0143157
64.9661,0.0143601
64.9805,0.0142953
64.9948,0.0143935
65.0105,0.0145515
65.0251,0.0174484
65.0426,0.0144371
65.057,0.0143068
65.0713,0.0143301
65.0856,0.0143476
65.1013,0.01867
65.12,0.0143157
65.1343,0.0143354
65.1487,0.0142802
65.1629,0.0143089
65.1773,0.0141621
65.1928,0.0146111
65.2075,0.01756
65.225,0.0141893
65.2392,0.0143741
65.2536,0.0142749
65.2679,0.0142974
65.2835,0.0173083
65.3008,0.0143258
65.3152,0.0141488
65.3293,0.0141117
65.3434,0.0141811
65.3576,0.0143044
65.3733,0.0144643
65.3877,0.0171235
65.4049,0.0143515
65.4192,0.0143577
65.4336,0.0143732
65.4479,0.0142778
65.4636,0.0147876
65.4784,0.0171271
65.4955,0.0141104
65.5096,0.0142352
65.5238,0.0144058
65.5383,0.0143958
65.554,0.0144571
65.5685,0.0172161
65.5857,0.0142361
65.6,0.0144243
65.6144,0.0143473
65.6287,0.0143829
65.6447,0.0147551
65.6595,0.0172614
65.6767,0.0144604
65.6912,0.0144436
65.7056,0.0142881
65.7199,0.0143057
65.7356,0.0144928
65.7501,0.0143788
65.7644,0.0172703
65.7817,0.0143862
65.7961,0.0143607
65.8105,0.0142356
65.8261,0.0151866
65.8413,0.0169387
65.8582,0.013965
65.8722,0.0139857
65.8862,0.013904
65.9001,0.0140288
65.9156,0.0143324
65.9299,0.0166055
65.9465,0.013927
65.9604,0.0140425
65.9745,0.0140389
65.9885,0.0141438
66.004,0.0141519
66.0182,0.0168447
66.035,0.0142215
66.0492,0.0141144
66.0634,0.0139879
66.0773,0.0140692
66.0928,0.0143123
66.1071,0.0171224
66.1242,0.0142789
66.1385,0.0142278
66.1527,0.0141863
66.1669,0.0143266
66.1827,0.0162768
66.199,0.0153371
66.2144,0.0143528
66.2287,0.0142763
66.243,0.0143796
66.2574,0.0143235
66.273,0.0153737
66.2884,0.0170566
66.3055,0.0144183
66.3199,0.014312
66.3342,0.0143273
66.3485,0.0143109
66.3643,0.0179401
66.3823,0.0154315
66.3977,0.0144066
66.4121,0.0143499
66.4265,0.0144126
66.4409,0.0145159
66.4568,0.0165197
66.4733,0.0148445
66.4882,0.014481
66.5027,0.0144607
66.5171,0.0145107
66.5316,0.0144501
66.5475,0.0148533
66.5623,0.0147444
66.5771,0.0146234
66.5917,0.0145429
66.6062,0.0144577
66.6207,0.0142758
66.6365,0.0146597
66.6511,0.0146142
66.6657,0.0146013
66.6803,0.0144364
66.6948,0.0145343
66.7093,0.0146938
66.7254,0.0150205
66.7405,0.0148375
66.7553,0.0145671
66.7699,0.0144633
66.7843,0.0144814
66.7988,0.0145635
66.8148,0.0150638
66.8299,0.0147856
66.8447,0.0145494
66.8592,0.0145326
66.8738,0.0145399
66.8883,0.0145672
66.9043,0.0148982
66.9192,0.0147395
66.9339,0.0146394
66.9486,0.0146583
66.9632,0.014643
66.9779,0.014727
66.9941,0.0149306
67.009,0.0146785
67.0237,0.0145201
67.0382,0.0144587
67.0527,0.0143067
67.067,0.0144304
67.0828,0.0148783
67.0977,0.0145895
67.1123,0.0144837
67.1268,0.0144649
67.1412,0.0142492
67.1555,0.0143672
67.1713,0.0146774
67.186,0.0145826
67.2005,0.0143673
67.2149,0.0142232
67.2291,0.0142167
67.2434,0.0140716
67.2588,0.0144185
67.2733,0.0146717
67.2879,0.0142349
67.3022,0.0142172
67.3164,0.0142814
67.3307,0.0142064
67.3463,0.0149156
67.3612,0.0148405
67.3761,0.0144494
67.3905,0.0144917
67.405,0.0144616
67.421,0.0147177
67.4357,0.0155284
67.4512,0.0147857
67.466,0.0146467
67.4806,0.0146839
67.4967,0.0151811
67.5119,0.0148293
67.5267,0.0146169
67.5414,0.0147162
67.5561,0.0146591
67.5707,0.0147938
67.5869,0.015113
67.602,0.0149552
67.617,0.0148766
67.6319,0.0146132
67.6465,0.0144812
67.661,0.0143702
67.6768,0.0145967
67.6914,0.0149556
67.7064,0.0145079
67.7209,0.0146639
67.7355,0.0146325
67.7502,0.0145489
67.7661,0.0153934
67.7815,0.0149447
67.7965,0.0146502
67.8111,0.0146665
67.8258,0.0145729
67.8418,0.014812
67.8567,0.0151781
67.8718,0.0144681
67.8863,0.0143773
67.9007,0.0142872
67.915,0.014494
67.9309,0.0150123
67.9459,0.0147601
67.9607,0.014593
67.9753,0.0145761
67.9898,0.0146094
68.0062,0.0149874
68.0212,0.0152317
68.0364,0.0145555
68.051,0.0146067
68.0656,0.0145956
68.0818,0.015131
68.0969,0.0148791
68.1118,0.0145868
68.1264,0.0145452
68.1409,0.0143671
68.1553,0.0144011
68.1711,0.0146909
68.1858,0.0149256
68.2008,0.014347
68.2151,0.0143633
68.2295,0.0142593
68.2452,0.0148269
68.26,0.0148555
68.2749,0.014429
68.2893,0.0143516
68.3037,0.0145017
68.3197,0.0146156
68.3343,0.0147292
68.349,0.0145617
68.3636,0.0144399
68.378,0.0144364
68.3939,0.0148445
68.4088,0.0149436
68.4237,0.0144037
68.4381,0.0147313
68.4528,0.0144155
68.4687,0.0146935
68.4834,0.0149505
68.4983,0.014653
68.513,0.0144832
68.5275,0.0145669
68.5434,0.0149118
68.5584,0.0153101
68.5737,0.0145338
68.5882,0.0145945
68.6028,0.0147094
68.619,0.0148706
68.6338,0.0150484
68.6489,0.0147468
68.6636,0.0143853
68.678,0.0145453
68.694,0.0151676
68.7091,0.015197
68.7243,0.0146497
68.739,0.0145368
68.7535,0.0145651
68.7697,0.014626
68.7844,0.0149661
68.7993,0.0147825
68.8141,0.0145893
68.8287,0.0146105
68.8448,0.0149443
68.8597,0.0151416
68.8749,0.0143738
68.8892,0.0142699
68.9035,0.0142307
68.9192,0.0143806
68.9336,0.0145671
68.9481,0.0146111
68.9628,0.0143141
68.9771,0.0142567
68.9927,0.0145211
69.0073,0.0147788
69.022,0.0143425
69.0364,0.0141422
69.0505,0.0144678
69.0664,0.0153014
69.0817,0.014655
69.0964,0.014635
69.111,0.0145586
69.1256,0.014556
69.1416,0.0148065
69.1564,0.0149223
69.1713,0.0143794
69.1857,0.0144105
69.2001,0.0143918
69.2159,0.0153119
69.2312,0.0146109
69.2459,0.0145067
69.2604,0.014496
69.2749,0.0145696
69.2908,0.014938
69.3058,0.0151134
69.3209,0.0145171
69.3354,0.0144809
69.3499,0.0144962
69.3658,0.0154507
69.3813,0.0147568
69.3961,0.014516
69.4106,0.0144477
69.425,0.0145263
69.4409,0.0152654
69.4562,0.0147593
69.471,0.0144487
69.4854,0.0146958
69.5001,0.0145481
69.5162,0.0149041
69.5312,0.0149201
69.5461,0.0146815
69.5608,0.0146992
69.5755,0.0144314
69.5913,0.01471
69.606,0.0145862
69.6206,0.0144217
69.635,0.0145324
69.6496,0.0143965
69.6654,0.0146504
69.6801,0.0145481
69.6946,0.0147585
69.7094,0.014559
69.7239,0.014554
69.74,0.015843
69.7558,0.0145276
69.7704,0.0144926
69.7848,0.0145252
69.7994,0.0143519
69.8151,0.0148534
69.83,0.0142523
69.8442,0.0141598
69.8584,0.0141142
69.8725,0.0141174
69.888,0.0142156
69.9023,0.0142566
69.9165,0.014058
69.9306,0.014027
69.9446,0.0139642
69.96,0.0143301
69.9743,0.0141496
69.9885,0.0140763
70.0026,0.0140397
70.0166,0.014061
70.0321,0.0146261
70.0467,0.0142402
70.0609,0.0142194
70.0751,0.0143583
70.0895,0.0141303
70.105,0.0143954
70.1194,0.0144362
70.1339,0.0143453
70.1482,0.0143521
70.164,0.0148115
70.1788,0.0145757
70.1934,0.014351
70.2077,0.0143804
70.2235,0.0145993
70.2381,0.0144805
70.2526,0.0143263
70.267,0.0142667
70.2827,0.0145516
70.2972,0.0144919
70.3117,0.0145892
70.3263,0.0144629
70.3423,0.0148702
70.3572,0.0145218
70.3717,0.014395
70.3861,0.0142092
70.4018,0.0144488
70.4162,0.0144864
70.4307,0.0143925
70.4451,0.0145124
70.461,0.0150761
70.4761,0.0146069
70.4907,0.0143422
70.505,0.0143898
70.5208,0.0145513
70.5354,0.0144982
70.5499,0.0143049
70.5642,0.0141982
70.5798,0.0148488
70.5947,0.0143224
70.609,0.0141774
70.6232,0.0142287
70.6388,0.0143012
70.6531,0.0142965
70.6674,0.0142699
70.6817,0.0142161
70.6973,0.0148571
70.7122,0.014209
70.7264,0.0140778
70.7405,0.0142287
70.7562,0.0144121
70.7706,0.0141471
70.7847,0.0141711
70.7989,0.0141809
70.8145,0.0144369
70.8289,0.0144179
70.8433,0.014171
70.8575,0.0143301
70.8733,0.0156139
70.8889,0.0147599
70.9037,0.014402
70.9181,0.0143677
70.9339,0.0148853
70.9488,0.0147098
70.9635,0.0148073
70.9783,0.0147296
70.9945,0.0152395
71.0098,0.0148739
71.0246,0.0145702
71.0392,0.014631
71.0553,0.0148629
71.0701,0.0149371
71.0851,0.0145096
71.0996,0.0144747
71.1155,0.0147276
71.1302,0.0147514
71.145,0.0150195
71.16,0.0146439
71.176,0.0153019
71.1913,0.0148776
71.2062,0.0145915
71.2208,0.014454
71.2367,0.0148705
71.2516,0.0149797
71.2666,0.0145075
71.2811,0.0146093
71.2971,0.0150488
71.3122,0.014865
71.327,0.0147137
71.3417,0.014732
71.3579,0.0150329
71.3729,0.0150112
71.3879,0.0146668
71.4026,0.0145796
71.4186,0.0148709
71.4334,0.0151898
71.4487,0.0153752
71.464,0.0146083
71.48,0.0151475
71.4952,0.0146899
71.5099,0.0145812
71.5245,0.0145879
71.5405,0.0151635
71.5557,0.0149847
71.5707,0.0144996
71.5852,0.014319
71.601,0.0155864
71.6165,0.0143582
71.6309,0.0143186
71.6452,0.0142744
71.6609,0.0145978
71.6755,0.0145833
71.6901,0.0143511
71.7045,0.0143235
71.7202,0.0143572
71.7346,0.014238
71.7488,0.0141651
71.763,0.0141477
71.7785,0.0145614
71.7931,0.0141756
71.8073,0.0141551
71.8214,0.0141409
71.837,0.0144877
71.8515,0.0144056
71.8659,0.0142391
71.8802,0.0141892
71.8957,0.0144914
71.9102,0.0143267
71.9246,0.0143176
71.9389,0.0142183
71.9545,0.0146635
71.9692,0.0146499
71.9838,0.0144799
71.9983,0.0143525
72.014,0.0147674
72.0288,0.0144388
72.0432,0.0144178
72.0576,0.0143092
72.0734,0.0145955
72.088,0.0148724
72.1028,0.0144718
72.1173,0.0144218
72.1331,0.014567
72.1477,0.0146362
72.1624,0.0145829
72.1769,0.0144628
72.1929,0.0150458
72.2079,0.0146643
72.2226,0.0144766
72.2371,0.014423
72.2529,0.0145342
72.2674,0.0146646
72.2821,0.0143834
72.2965,0.0142217
72.3121,0.0145997
72.3267,0.0144923
72.3412,0.0143482
72.3556,0.0143523
72.3713,0.0143746
72.3857,0.0142795
72.4,0.0141621
72.4155,0.014883
72.4304,0.0141947
72.4446,0.01431
72.4605,0.0146246
72.4751,0.0142082
72.4894,0.0140551
72.5048,0.0144637
72.5193,0.0144551
72.5337,0.0143258
72.5495,0.0144636
72.5639,0.0144927
72.5784,0.0144106
72.5943,0.0147594
72.609,0.0144784
72.6235,0.0142934
72.6392,0.01448
72.6537,0.014601
72.6683,0.0143093
72.684,0.0146499
72.6987,0.0145267
72.7132,0.0142901
72.7289,0.014678
72.7436,0.0144393
72.758,0.0143964
72.7741,0.0144901
72.7886,0.0146188
72.8032,0.0143778
72.819,0.0144622
72.8334,0.0146156
72.8481,0.0143353
72.8639,0.0146395
72.8786,0.0144268
72.893,0.0144224
72.9088,0.014494
72.9233,0.0146716
72.938,0.0144127
72.9539,0.0145474
72.9684,0.0145592
72.983,0.0144935
72.9991,0.0145377
73.0136,0.0146284
73.0283,0.0145619
73.0441,0.014731
73.0589,0.0146148
73.0735,0.0145616
73.0896,0.014727
73.1043,0.014983
73.1193,0.0144464
73.1351,0.0147042
73.1498,0.014612
73.1644,0.0144997
73.1805,0.0149106
73.1954,0.0145034
73.2099,0.0143294
73.2256,0.0144923
73.2401,0.0144501
73.2546,0.0142016
73.2703,0.014395
73.2847,0.0143327
73.299,0.014131
73.3145,0.0144446
73.3289,0.0142577
73.3432,0.0141882
73.3588,0.0162613
73.3751,0.0173256
73.3924,0.0143043
73.4083,0.0144908
73.4228,0.0172525
73.44,0.0145101
73.4545,0.0141896
73.4702,0.0144367
73.4846,0.0171472
73.5018,0.0143043
73.5161,0.0143015
73.5318,0.0178076
73.5496,0.0143937
73.564,0.0142873
73.5783,0.014459
73.5942,0.0149389
73.6091,0.0172437
73.6263,0.0144629
73.6408,0.0143684
73.6566,0.014428
73.6711,0.0172144
73.6883,0.0143974
73.7027,0.0142994
73.7184,0.014542
73.7329,0.0173754
73.7503,0.014453
73.7647,0.0144588
73.7806,0.0177837
73.7984,0.0144191
73.8128,0.0143568
73.8271,0.0143725
73.8429,0.0146901
73.8576,0.0173207
73.8749,0.0144281
73.8894,0.0144431
73.9038,0.0143625
73.9196,0.014419
73.934,0.0172317
73.9513,0.0143807
73.9656,0.0142748
73.9799,0.0145239
73.9959,0.0148448
74.0108,0.0176485
74.0284,0.0145083
74.0429,0.0143532
74.0573,0.0143876
74.0731,0.0145623
74.0877,0.0176433
74.1053,0.0144346
74.1197,0.0142586
74.134,0.0142375
74.1497,0.0145386
74.1642,0.0153322
74.1796,0.0164052
74.196,0.0142914
74.2103,0.0144413
74.2261,0.0147861
74.2409,0.0172661
74.2582,0.0142364
74.2724,0.0143692
74.2868,0.0143253
74.3025,0.0145378
74.3171,0.0176399
74.3347,0.0143421
74.349,0.0141474
74.3632,0.0141871
74.3789,0.0149512
74.3938,0.0165278
74.4104,0.0142398
74.4246,0.0141654
74.4388,0.0141723
74.4547,0.0146515
74.4693,0.0173095
74.4867,0.0142087
74.5009,0.0142542
74.5151,0.0143708
74.5309,0.0172681
74.5482,0.014357
74.5625,0.0142746
74.5768,0.01424
74.591,0.0142477
74.6067,0.0143661
74.621,0.0169542
74.638,0.0143232
74.6523,0.0143651
74.6667,0.0144004
74.6811,0.01464
74.6971,0.0190743
74.7162,0.0143355
74.7305,0.0143352
74.7449,0.0142792
74.7592,0.0143714
74.7735,0.0143883
74.7893,0.0146145
74.8039,0.0173209
74.8213,0.0144176
74.8357,0.0142787
74.85,0.014424
74.8644,0.0143483
74.8801,0.0176435
74.8978,0.014477
74.9122,0.0143659
74.9266,0.0143894
74.941,0.014325
74.9553,0.0145284
74.9712,0.0146204
74.9858,0.0172278
75.0031,0.0143659
75.0174,0.0144496
75.0319,0.0144992
75.0464,0.0144139
75.0622,0.0144969
75.0767,0.0172538
75.094,0.0144334
75.1084,0.0144432
75.1229,0.0143299
75.1372,0.0142797
75.153,0.0145777
75.1675,0.0171488
75.1847,0.0142571
75.199,0.0143509
75.2133,0.0144159
75.2277,0.0143021
75.2434,0.0147785
75.2582,0.01712
75.2753,0.0144188
75.2898,0.0144864
75.3043,0.0143631
75.3186,0.0143591
75.3344,0.014551
75.3489,0.0172459
75.3662,0.0143091
75.3805,0.0144307
75.3949,0.0143948
75.4093,0.0142475
75.4249,0.0144397
75.4394,0.0170858
75.4565,0.01431
75.4708,0.0142543
75.485,0.0142648
75.4993,0.0143766
75.5151,0.0174467
75.5325,0.0143891
75.5469,0.0142843
75.5612,0.0142088
75.5754,0.0141797
75.5896,0.0140605
75.605,0.0141889
75.6192,0.0178241
75.6371,0.0141119
75.6512,0.0141891
75.6654,0.0142269
75.6796,0.0142928
75.6952,0.0189481
75.7142,0.0145213
75.7287,0.014476
75.7432,0.01452
75.7577,0.0145358
75.7722,0.0144373
75.7882,0.0144185
75.8026,0.0170033
75.8196,0.0143578
75.8339,0.0143448
75.8483,0.0143485
75.8626,0.0144293
75.8785,0.0148699
75.8934,0.0171971
75.9106,0.014527
75.9251,0.0144184
75.9396,0.0145354
75.9541,0.0145496
75.9701,0.0154274
75.9855,0.0144942
76,0.0146098
76.0146,0.01454
76.0291,0.0143632
76.0435,0.0144096
76.0593,0.0148924
76.0742,0.0144835
76.0887,0.0145299
76.1032,0.0143601
76.1176,0.014383
76.132,0.0143392
76.1477,0.0147734
76.1624,0.0143066
76.1767,0.0143662
76.1911,0.0143433
76.2055,0.0143595
76.2198,0.0143359
76.2355,0.0143723
76.2499,0.0143012
76.2642,0.0143515
76.2786,0.0140954
76.2927,0.0141333
76.3068,0.0141345
76.3223,0.0142374
76.3366,0.0141127
76.3507,0.0140574
76.3647,0.0140739
76.3788,0.0141666
76.393,0.0141962
76.4086,0.0145271
76.4231,0.0142616
76.4374,0.0142198
76.4516,0.0144337
76.466,0.0141987
76.4802,0.0143678
76.4961,0.0146262
76.5107,0.0142889
76.525,0.0143738
76.5394,0.0142619
76.5536,0.0142897
76.5694,0.014499
76.5839,0.0146345
76.5985,0.0142838
76.6128,0.0143236
76.6271,0.0142892
76.6428,0.0146619
76.6575,0.0145388
76.672,0.0144127
76.6864,0.0142551
76.7007,0.0142897
76.7165,0.0145339
76.731,0.0143936
76.7454,0.0142297
76.7596,0.0142364
76.7739,0.0142037
76.7895,0.0146855
76.8042,0.0147068
76.8189,0.0143851
76.8333,0.0145031
76.8478,0.0144874
76.8637,0.0149353
76.8787,0.0144015
76.8931,0.0142488
76.9073,0.0142955
76.9216,0.0142415
76.9372,0.0143645
76.9516,0.0144699
76.9661,0.014259
76.9803,0.0143024
76.9946,0.014332
77.0104,0.0149472
77.0253,0.014584
77.0399,0.0141803
77.0541,0.0142185
77.0683,0.0142359
77.0842,0.0147772
77.0989,0.0146672
77.1136,0.0142447
77.1279,0.0142788
77.1421,0.0141917
77.1577,0.0144953
77.1722,0.014529
77.1867,0.0143182
77.201,0.0142188
77.2153,0.0142114
77.2309,0.0154512
77.2464,0.0142255
77.2606,0.0142435
77.2748,0.0142491
77.2905,0.0144467
77.305,0.0144255
77.3194,0.0140198
77.3334,0.0141464
77.3489,0.014563
77.3635,0.0142707
77.3778,0.0141662
77.3919,0.0140086
77.4073,0.0152501
77.4226,0.0144084
77.437,0.0142505
77.4512,0.0144454
77.4671,0.0150317
77.4821,0.0170784
77.4992,0.0143935
77.5136,0.0143395
77.5293,0.0148277
77.5442,0.0171566
77.5613,0.0143202
77.5757,0.0143828
77.5914,0.0148949
77.6063,0.0172629
77.6236,0.0144477
77.638,0.0145475
77.6526,0.0145251
77.6686,0.0147259
77.6833,0.0172706
77.7006,0.0144766
77.7151,0.014493
77.7296,0.0143378
77.7455,0.0146734
77.7601,0.0172031
77.7773,0.0144811
77.7918,0.0144756
77.8063,0.0144712
77.8222,0.0145849
77.8367,0.0174693
77.8542,0.014525
77.8687,0.0143803
77.8831,0.0143037
77.8988,0.0146392
77.9135,0.0144569
77.9279,0.0168729
77.9448,0.0142079
77.959,0.0141228
77.9746,0.0145053
77.9891,0.0172909
78.0064,0.0143328
78.0207,0.0143725
78.0351,0.0142222
78.0507,0.0143826
78.0651,0.0170848
78.0822,0.0143532
78.0965,0.0144522
78.111,0.0143869
78.1268,0.0147365
78.1415,0.0173161
78.1588,0.0145277
78.1733,0.0144062
78.1878,0.0143064
78.2035,0.0145964
78.2181,0.0172453
78.2353,0.0143964
78.2497,0.0144226
78.2642,0.0143495
78.2799,0.0158186
78.2957,0.0161744
78.3119,0.014381
78.3263,0.0143363
78.3406,0.0144137
78.3564,0.0146702
78.3711,0.017488
78.3886,0.0144084
78.403,0.0143782
78.4174,0.0143198
78.4317,0.0143707
78.4475,0.014872
78.4623,0.0170225
78.4794,0.0143697
78.4937,0.0142362
78.508,0.0143513
78.5223,0.0142559
78.538,0.0144888
78.5524,0.0173368
78.5698,0.0145824
78.5844,0.014468
78.5988,0.0145775
78.6134,0.0144001
78.6292,0.0150763
78.6443,0.0169633
78.6613,0.0142371
78.6755,0.0143609
78.6899,0.0141637
78.704,0.0142146
78.7197,0.0144649
78.7342,0.0174182
78.7516,0.0144493
78.766,0.01444
78.7805,0.014385
78.7949,0.0142953
78.8106,0.014698
78.8253,0.0172464
78.8425,0.0144502
78.857,0.0142841
78.8712,0.0142159
78.8855,0.0141789
78.901,0.0143832
78.9154,0.0170051
78.9324,0.0141814
78.9466,0.014153
78.9608,0.0142827
78.975,0.014149
78.9905,0.0144165
79.005,0.017197
79.0222,0.014222
79.0364,0.0141582
79.0506,0.0141558
79.0647,0.0141897
79.0803,0.0175908
79.0979,0.0144006
79.1123,0.0141731
79.1265,0.0142367
79.1407,0.0143299
79.155,0.0142773
79.1707,0.0145058
79.1852,0.0171681
79.2024,0.014397
79.2168,0.0142453
79.231,0.0142782
79.2453,0.0143133
79.261,0.014556
79.2756,0.0172385
79.2928,0.0143867
79.3072,0.0143573
79.3216,0.0143001
79.3359,0.014532
79.3518,0.0147869
79.3666,0.0176586
79.3842,0.0144983
79.3987,0.0144382
79.4132,0.0142849
79.4275,0.0145024
79.4434,0.0147428
79.4581,0.0174506
79.4756,0.0143431
79.4899,0.0143101
79.5042,0.0143594
79.5186,0.0143257
79.5345,0.0146774
79.5492,0.0173609
79.5666,0.0144421
79.581,0.0144278
79.5954,0.0143578
79.6098,0.0142245
79.6255,0.0146954
79.6402,0.0170755
79.6572,0.0142196
79.6715,0.0142474
79.6857,0.014347
79.7001,0.0142849
79.7157,0.0144022
79.7301,0.0147421
79.7449,0.0168949
79.7618,0.0143546
79.7761,0.0144325
79.7906,0.0143407
79.8064,0.0145265
79.8209,0.0175587
79.8385,0.0143222
79.8528,0.014236
79.867,0.0142237
79.8813,0.0141783
79.897,0.0158453
79.9128,0.0143145
79.9271,0.0142263
79.9414,0.0141083
79.9555,0.0142996
79.9698,0.0140712
79.9854,0.0158714
80.0012,0.0143779
80.0156,0.0142201
80.0298,0.0142452
80.0441,0.0141437
80.0582,0.0140764
80.074,0.0152931
80.0893,0.0146697
80.104,0.0141841
80.1182,0.01423
80.1324,0.0142136
80.1466,0.0144021
80.1625,0.0149002
80.1774,0.0144788
80.1918,0.0143495
80.2062,0.0143438
80.2205,0.0144103
80.2349,0.0143267
80.2507,0.0144275
80.2651,0.0147329
80.2798,0.0144718
80.2943,0.0142842
80.3086,0.0143336
80.3229,0.0143632
80.3387,0.0144809
80.3532,0.0150562
80.3682,0.0144856
80.3827,0.0145014
80.3972,0.0145508
80.4118,0.0145631
80.4279,0.0149102
80.4428,0.0148558
80.4576,0.0148443
80.4725,0.0141775
80.4867,0.0143385
80.501,0.0144009
80.5169,0.0145783
80.5314,0.014588
80.546,0.0143886
80.5604,0.0143218
80.5747,0.0144293
80.5892,0.014305
80.6049,0.0144867
80.6194,0.0147765
80.6342,0.0142685
80.6484,0.0142548
80.6627,0.014066
80.6782,0.0145066
80.6927,0.0145187
80.7072,0.0140625
80.7213,0.0141289
80.7354,0.0140962
80.7509,0.0143149
80.7652,0.0145419
80.7797,0.0143922
80.7941,0.0141905
80.8083,0.0141696
80.8239,0.014511
80.8384,0.0148253
80.8532,0.0142202
80.8675,0.0142579
80.8817,0.0142984
80.8976,0.015005
80.9126,0.014594
80.9272,0.0143752
80.9416,0.0143459
80.9559,0.0142902
80.9716,0.0143991
80.986,0.0147779
81.0008,0.0142936
81.0151,0.0141698
81.0292,0.0142796
81.0449,0.0145221
81.0594,0.0146939
81.0741,0.014261
81.0884,0.0143992
81.1028,0.014383
81.1186,0.0145062
81.1331,0.0149305
81.148,0.0144294
81.1625,0.0143882
81.1769,0.0142423
81.1925,0.0146101
81.2071,0.01475
81.2219,0.0143145
81.2362,0.0143154
81.2505,0.014274
81.2662,0.0145251
81.2807,0.0145326
81.2952,0.0146909
81.3099,0.0144996
81.3259,0.0148515
81.3407,0.0148708
81.3556,0.014408
81.37,0.0143982
81.3858,0.0146014
81.4004,0.014869
81.4153,0.0142977
81.4296,0.014141
81.4451,0.0146268
81.4598,0.0151234
81.4749,0.0140713
81.489,0.0138975
81.5043,0.0141251
81.5184,0.0144687
81.5329,0.0141628
81.547,0.014114
81.5626,0.0145727
81.5771,0.0147088
81.5919,0.0142357
81.6061,0.0143559
81.622,0.0144313
81.6365,0.0145846
81.6511,0.0143524
81.6654,0.0142344
81.6813,0.0182843
81.6996,0.0144666
81.714,0.0144126
81.7285,0.0143686
81.7442,0.0155387
81.7598,0.0148796
81.7747,0.0144019
81.7891,0.0144116
81.8049,0.0146129
81.8195,0.0146122
81.8341,0.0142175
81.8483,0.0143054
81.864,0.0144663
81.8785,0.0147058
81.8932,0.0142578
81.9074,0.0143367
81.9231,0.014618
81.9377,0.0146806
81.9524,0.0143728
81.9668,0.0144221
81.9826,0.0149275
81.9975,0.0146961
82.0122,0.0144138
82.0266,0.0142951
82.0423,0.0146019
82.0569,0.0151261
82.072,0.0141758
82.0862,0.0144205
82.102,0.0146789
82.1167,0.0147465
82.1314,0.0146393
82.1461,0.0144407
82.1619,0.0144919
82.1764,0.0146738
82.1911,0.0142275
82.2053,0.0142999
82.221,0.0144974
82.2355,0.0146587
82.2502,0.0144416
82.2646,0.0143917
82.2804,0.0148178
82.2952,0.0149255
82.3101,0.0143864
82.3245,0.0143674
82.3403,0.0144792
82.3548,0.0148734
82.3696,0.0143164
82.384,0.0143281
82.3997,0.014859
82.4146,0.0144589
82.429,0.0141895
82.4432,0.0141744
82.4589,0.0146593
82.4736,0.0147269
82.4883,0.0140768
82.5024,0.0140336
82.5179,0.0143483
82.5323,0.0140686
82.5464,0.0143081
82.5607,0.0141514
82.5762,0.0142831
82.5905,0.0147941
82.6053,0.0140705
82.6194,0.0142374
82.635,0.0145022
82.6496,0.0147879
82.6643,0.0145306
82.6789,0.0142765
82.6947,0.0144946
82.7092,0.0146334
82.7238,0.0142306
82.7381,0.0142319
82.7537,0.0145491
82.7683,0.0146874
82.783,0.0145361
82.7975,0.0143864
82.8133,0.0144604
82.8277,0.0148373
82.8426,0.014346
82.8569,0.014428
82.8727,0.0144223
82.8872,0.0147089
82.9019,0.0143124
82.9162,0.0142731
82.9319,0.0147631
82.9466,0.014588
82.9612,0.014426
82.9757,0.0143584
82.9914,0.0146195
83.006,0.0148986
83.0209,0.0143756
83.0353,0.014425
83.0512,0.0145484
83.0657,0.0147261
83.0804,0.0146835
83.0965,0.0148996
83.1114,0.0149618
83.1264,0.014507
83.1409,0.0143077
83.1566,0.0145317
83.1711,0.0150715
83.1862,0.0143104
83.2005,0.0142852
83.2161,0.015264
83.2314,0.014635
83.246,0.0144399
83.2619,0.0148675
83.2768,0.0148497
83.2916,0.014362
83.306,0.0142928
83.3216,0.0146148
83.3362,0.0148112
83.3511,0.0144246
83.3655,0.01448
83.3813,0.0151416
83.3965,0.0146609
83.4111,0.0144009
83.4269,0.0145933
83.4415,0.0148123
83.4563,0.0144226
83.4708,0.0143349
83.4865,0.0159611
83.5025,0.0148153
83.5173,0.0145134
83.5318,0.014496
83.5479,0.0149533
83.5628,0.014699
83.5775,0.0143806
83.5919,0.0146701
83.608,0.0148504
83.6228,0.014757
83.6376,0.0145123
83.6521,0.0143928
83.668,0.0149252
83.6829,0.0147679
83.6977,0.0145979
83.7123,0.0146281
83.7283,0.0153679
83.7436,0.0148683
83.7585,0.0147382
83.7732,0.0146636
83.7893,0.0149042
83.8042,0.0149202
83.8191,0.0148625
83.834,0.0146486
83.85,0.0157662
83.8658,0.0147854
83.8806,0.0147473
83.8953,0.0146514
83.9115,0.0152867
83.9268,0.014888
83.9417,0.0146939
83.9564,0.0147219
83.9726,0.0151771
83.9877,0.0151738
84.0029,0.0146962
84.0176,0.0145426
84.0338,0.0155638
84.0494,0.0147524
84.0641,0.0145298
84.0787,0.0145083
84.0946,0.0151718
84.1097,0.0148198
84.1246,0.0143544
84.1389,0.0143715
84.1547,0.0145771
84.1693,0.0147709
84.184,0.0144202
84.1985,0.0142806
84.2141,0.0149229
84.2291,0.0146772
84.2437,0.0144343
84.2582,0.0143108
84.2739,0.0145347
84.2885,0.0148647
84.3033,0.0144796
84.3178,0.0145279
84.3337,0.0157095
84.3494,0.0142418
84.3637,0.0143835
84.3781,0.014292
84.3938,0.0147031
84.4085,0.0145612
84.4231,0.0143222
84.4374,0.014338
84.4532,0.0147757
84.4679,0.0145333
84.4825,0.0143069
84.4968,0.0142473
84.5124,0.0146579
84.5271,0.0145354
84.5416,0.0143545
84.556,0.014419
84.5718,0.0146912
84.5865,0.0147344
84.6012,0.0145155
84.6157,0.01446
84.6315,0.0150151
84.6466,0.0143042
84.6609,0.014287
84.6751,0.0143581
84.6909,0.0143636
84.7052,0.0143129
84.7195,0.014251
84.7338,0.0142477
84.7494,0.0164828
84.7659,0.0144343
84.7803,0.0143895
84.7947,0.0145118
84.8106,0.0147378
84.8254,0.0149062
84.8403,0.014401
84.8547,0.0144225
84.8705,0.0146679
84.8852,0.014723
84.8999,0.0143157
84.9142,0.0141936
84.9298,0.0147131
84.9445,0.0147787
84.9593,0.0143229
84.9736,0.0142805
84.9893,0.0143638
85.0037,0.0148504
85.0185,0.0142866
85.0328,0.0143406
85.0485,0.0150138
85.0635,0.0143812
85.0779,0.0141574
85.0921,0.0140384
85.1077,0.0144745
85.1222,0.0146983
85.1369,0.0142009
85.1511,0.0141027
85.1666,0.0148664
85.1815,0.014269
85.1957,0.0141531
85.2099,0.0140836
85.2253,0.0145495
85.2399,0.0148591
85.2547,0.0141494
85.2703,0.0142817
85.2846,0.0144947
85.2991,0.0143767
85.315,0.0150176
85.33,0.0144137
85.3444,0.0142323
85.36,0.01498
85.375,0.0147242
85.3897,0.0142469
85.4054,0.0144978
85.4199,0.0149147
85.4348,0.0144683
85.4506,0.0151175
85.4658,0.014822
85.4806,0.0144966
85.4965,0.0149604
85.5114,0.0149841
85.5264,0.0143858
85.5408,0.0144525
85.5566,0.0145105
85.5712,0.0149341
85.5861,0.0144745
85.6006,0.0144314
85.6165,0.0149865
85.6315,0.0146213
85.6461,0.0144383
85.6605,0.0144914
85.6764,0.0148384
85.6913,0.0150371
85.7063,0.01445
85.7208,0.014379
85.7365,0.0146972
85.7512,0.014855
85.7661,0.0146292
85.7807,0.0143272
