simTime,fps
9.89549,60
9.91205,60
9.92851,60
9.94517,60
9.96183,60
9.97852,60
9.99536,60
10.0121,60
10.0285,60
10.0452,60
10.0619,60
10.0786,60
10.0952,60
10.1119,60
10.1285,60
10.1452,60
10.1618,60
10.1785,60
10.1952,60
10.212,60
10.2285,60
10.2452,60
10.2619,60
10.2785,60
10.2952,60
10.3119,60
10.3285,60
10.3452,60
10.3618,60
10.3785,60
10.3952,60
10.4119,60
10.4285,60
10.4452,60
10.4619,60
10.4785,60
10.4952,60
10.5119,60
10.5286,60
10.5452,60
10.5619,60
10.5785,60
10.5952,60
10.6119,60
10.6287,60
10.6454,60
10.6619,60
10.6786,60
10.6952,60
10.7119,60
10.7286,60
10.7452,60
10.7619,60
10.7786,60
10.7953,60
10.812,60
10.8288,60
10.8453,60
10.862,60
10.8787,60
10.8953,60
10.912,60
10.9287,60
10.9453,60
10.962,60
10.9787,60
10.9954,60
11.012,60
11.0287,60
11.0454,60
11.062,60
11.0787,60
11.0954,60
11.112,60
11.1288,60
11.1454,60
11.162,60
11.1787,60
11.1954,60
11.2121,60
11.2287,60
11.2454,60
11.262,60
11.2788,60
11.2954,60
11.3121,60
11.3287,60
11.3454,60
11.362,60
11.3787,60
11.3954,60
11.4121,60
11.4288,60
11.4454,60
11.4621,60
11.4787,60
11.4954,60
11.512,60
11.5287,60
11.5454,60
11.562,60
11.5787,60
11.5954,60
11.612,60
11.6287,60
11.6454,60
11.6621,60
11.6787,60
11.6954,60
11.7121,60
11.7287,60
11.7454,60
11.7621,60
11.7787,60
11.7954,60
11.8121,60
11.8287,60
11.8454,60
11.8622,60
11.8787,60
11.8954,60
11.9121,60
11.9288,60
11.9454,60
11.9621,60
11.9787,60
11.9954,60
12.0121,60
12.0287,60
12.0454,60
12.0622,60
12.0787,60
12.0954,60
12.1121,60
12.1287,60
12.1454,60
12.1622,60
12.1787,60
12.1954,60
12.2121,60
12.2287,60
12.2454,60
12.2621,60
12.2788,60
12.2955,60
12.3121,60
12.3288,60
12.3455,60
12.3621,60
12.3788,60
12.3954,60
12.4122,60
12.4288,60
12.4455,60
12.4621,60
12.4789,60
12.4955,60
12.5122,60
12.5288,60
12.5455,60
12.5621,60
12.5789,60
12.5955,60
12.6121,60
12.6288,60
12.6455,60
12.6622,60
12.6789,60
12.6955,60
12.7122,60
12.7289,60
12.7455,60
12.7622,60
12.7789,60
12.7955,60
12.8122,60
12.8288,60
12.8455,60
12.8622,60
12.8788,60
12.8955,60
12.9122,60
12.9288,60
12.9455,60
12.9622,60
12.9788,60
12.9955,60
13.0122,60
13.0288,60
13.0455,60
13.0622,60
13.0789,60
13.0955,60
13.1122,60
13.1288,60
13.1455,60
13.1622,60
13.1789,60
13.1955,60
13.2122,60
13.2289,60
13.2455,60
13.2622,60
13.2789,60
13.2956,60
13.3122,60
13.3289,60
13.3455,60
13.3622,60
13.3789,60
13.3956,60
13.4122,60
13.4289,60
13.4455,60
13.4622,60
13.4789,60
13.4955,60
13.5122,60
13.529,60
13.5456,60
13.5622,60
13.5789,60
13.5956,60
13.6122,60
13.6289,60
13.6456,60
13.6622,60
13.6789,60
13.6957,60
13.7122,60
13.7289,60
13.7456,60
13.7622,60
13.779,60
13.7956,60
13.8123,60
13.8289,60
13.8457,60
13.8623,60
13.8789,60
13.8956,60
13.9123,60
13.9289,60
13.9456,60
13.9623,60
13.979,60
13.9956,60
14.0123,60
14.0289,60
14.0456,60
14.0623,60
14.079,60
14.0956,60
14.1123,60
14.129,60
14.1457,60
14.1623,60
14.179,60
14.1956,60
14.2123,60
14.229,60
14.2456,60
14.2623,60
14.279,60
14.2957,60
14.3123,60
14.329,60
14.3456,60
14.3623,60
14.379,60
14.3957,60
14.4123,60
14.429,60
14.4457,60
14.4623,60
14.479,60
14.4957,60
14.5123,60
14.529,60
14.5457,60
14.5623,60
14.579,60
14.5961,60
14.6127,60
14.6292,60
14.6459,60
14.6626,60
14.6792,60
14.6959,60
14.7125,60
14.7292,60
14.746,60
14.7626,60
14.7792,60
14.7959,60
14.8125,60
14.8292,60
14.8459,60
14.8625,60
14.8792,60
14.8959,60
14.9126,60
14.9292,60
14.9459,60
14.9626,60
14.9792,60
14.9959,60
15.0125,60
15.0292,60
15.046,60
15.0626,60
15.0792,60
15.0959,60
15.1126,60
15.1293,60
15.1459,60
15.1625,60
15.1793,60
15.196,60
15.2127,60
15.2294,60
15.2461,60
15.2628,60
15.2793,60
15.296,60
15.3126,60
15.3292,60
15.346,60
15.3626,60
15.3793,60
15.396,60
15.4126,60
15.4293,60
15.4459,60
15.4627,60
15.4792,60
15.4972,60
15.5141,60
15.5306,60
15.5472,60
15.564,60
15.5807,60
15.5972,60
15.6139,60
15.6306,60
15.6472,60
15.6639,60
15.6806,60
15.6972,60
15.7141,60
15.7307,60
15.7472,60
15.7639,60
15.7806,60
15.7973,60
15.8139,60
15.8306,60
15.8475,60
15.8641,60
15.8808,60
15.8975,60
15.9142,60
15.9308,60
15.9475,60
15.9641,60
15.9808,60
15.9975,60
16.0141,60
16.0308,60
16.048,60
16.0646,60
16.0813,60
16.098,60
16.1147,60
16.1315,60
16.148,60
16.1647,60
16.1813,60
16.198,60
16.2146,60
16.2314,60
16.2481,60
16.2647,60
16.2813,60
16.298,60
16.3147,60
16.3313,60
16.348,60
16.3647,60
16.3813,60
16.398,60
16.4147,60
16.4314,60
16.448,60
16.4646,60
16.4813,60
16.498,60
16.5147,60
16.5313,60
16.548,60
16.5647,60
16.5813,60
16.598,60
16.6149,60
16.6314,60
16.648,60
16.6647,60
16.6813,60
16.698,60
16.7147,60
16.7314,60
16.748,60
16.7647,60
16.7813,60
16.798,60
16.8147,60
16.8313,60
16.848,60
16.8647,60
16.8814,60
16.898,60
16.9147,60
16.9314,60
16.948,60
16.9647,60
16.9814,60
16.998,60
17.0147,60
17.0314,60
17.048,60
17.0647,60
17.0813,60
17.098,60
17.1147,60
17.1314,60
17.148,60
17.1647,60
17.1814,60
17.198,60
17.2147,60
17.2314,60
17.2481,60
17.2647,60
17.2814,60
17.298,60
17.3147,60
17.3314,60
17.3481,60
17.3647,60
17.3814,60
17.3981,60
17.4147,60
17.4314,60
17.4481,60
17.4647,60
17.4814,60
17.4981,60
17.5147,60
17.5314,60
17.548,60
17.5647,60
17.5814,60
17.5981,60
17.6147,60
17.6314,60
17.6481,60
17.6647,60
17.6814,60
17.6981,60
17.7147,60
17.7314,60
17.748,60
17.7647,60
17.7815,60
17.7981,60
17.8147,60
17.8314,60
17.8481,60
17.8647,60
17.8814,60
17.8981,60
17.9147,60
17.9314,60
17.9481,60
17.9647,60
17.9814,60
17.9981,60
18.0147,60
18.0314,60
18.0481,60
18.0647,60
18.0815,60
18.0981,60
18.1147,60
18.1314,60
18.1481,60
18.1647,60
18.1814,60
18.1981,60
18.2147,60
18.2314,60
18.2481,60
18.2647,60
18.2814,60
18.2981,60
18.3148,60
18.3314,60
18.3481,60
18.3648,60
18.3815,60
18.3981,60
18.4148,60
18.4314,60
18.4481,60
18.4648,60
18.4815,60
18.4981,60
18.5148,60
18.5315,60
18.5482,60
18.5648,60
18.5815,60
18.5981,60
18.6148,60
18.6315,60
18.6482,60
18.6648,60
18.6815,60
18.6982,60
18.7149,60
18.7315,60
18.7482,60
18.7648,60
18.7815,60
18.7982,60
18.8148,60
18.8315,60
18.8482,60
18.8649,60
18.8815,60
18.8982,60
18.9148,60
18.9315,60
18.9481,60
18.9648,60
18.9815,60
18.9982,60
19.0148,60
19.0315,60
19.0481,60
19.0648,60
19.0815,60
19.0982,60
19.1148,60
19.1315,60
19.1482,60
19.1648,60
19.1815,60
19.1982,60
19.2148,60
19.2315,60
19.2482,60
19.2648,60
19.2815,60
19.2982,60
19.3149,60
19.3315,60
19.3482,60
19.3648,60
19.3815,60
19.3982,60
19.4149,60
19.4316,60
19.4482,60
19.4653,60
19.4815,60
19.4982,60
19.5149,60
19.5316,60
19.5482,60
19.5649,60
19.5816,60
19.5982,60
19.6149,60
19.6315,60
19.6482,60
19.665,60
19.6816,60
19.6982,60
19.7149,60
19.7317,60
19.7482,60
19.7649,60
19.7815,60
19.7982,60
19.8149,60
19.8315,60
19.8482,60
19.8649,60
19.8816,60
19.8982,60
19.9149,60
19.9315,60
19.9482,60
19.9649,60
19.9815,60
19.9982,60
20.0149,60
20.0315,60
20.0482,60
20.0649,60
20.0816,60
20.0982,60
20.1149,60
20.1316,60
20.1482,60
20.1649,60
20.1816,60
20.1982,60
20.2149,60
20.2315,60
20.2482,60
20.2649,60
20.2816,60
20.2982,60
20.3149,60
20.3316,60
20.3482,60
20.3649,60
20.3816,60
20.3982,60
20.4149,60
20.4316,60
20.4483,60
20.465,60
20.4816,60
20.4983,60
20.5149,60
20.5316,60
20.5483,60
20.5649,60
20.5816,60
20.5983,60
20.6149,60
20.6316,60
20.6483,60
20.6649,60
20.6815,60
20.6982,60
20.7149,60
20.7316,60
20.7482,60
20.765,60
20.7816,60
20.7982,60
20.815,60
20.8316,60
20.8483,60
20.865,60
20.8816,60
20.8983,60
20.9149,60
20.9316,60
20.9483,60
20.9649,60
20.9816,60
20.9982,60
21.015,60
21.0316,60
21.0482,60
21.0649,60
21.0816,60
21.0983,60
21.115,60
21.1316,60
21.1483,60
21.165,60
21.1816,60
21.1983,60
21.2149,60
21.2316,60
21.2483,60
21.2649,60
21.2816,60
21.2983,60
21.3149,60
21.3316,60
21.3483,60
21.3649,60
21.3816,60
21.3983,60
21.415,60
21.4316,60
21.4483,60
21.4649,60
21.4816,60
21.4983,60
21.515,60
21.5316,60
21.5483,60
21.565,60
21.5816,60
21.5983,60
21.615,60
21.6316,60
21.6483,60
21.6649,60
21.6816,60
21.6983,60
21.715,60
21.7316,60
21.7483,60
21.7649,60
21.7816,60
21.7983,60
21.815,60
21.8317,60
21.8483,60
21.865,60
21.8817,60
21.8983,60
21.915,60
21.9316,60
21.9483,60
21.965,60
21.9817,60
21.9984,60
22.015,60
22.0316,60
22.0483,60
22.065,60
22.0816,60
22.0983,60
22.115,60
22.1317,60
22.1483,60
22.165,60
22.1817,60
22.1983,60
22.215,60
22.2317,60
22.2484,60
22.265,60
22.2817,60
22.2984,60
22.3151,60
22.3317,60
22.3484,60
22.365,60
22.3817,60
22.3984,60
22.415,60
22.4317,60
22.4484,60
22.465,60
22.4817,60
22.4983,60
22.515,60
22.5317,60
22.5483,60
22.565,60
22.5817,60
22.5984,60
22.6151,60
22.6317,60
22.6483,60
22.665,60
22.6817,60
22.6983,60
22.715,60
22.7317,60
22.7483,60
22.765,60
22.7817,60
22.7984,60
22.815,60
22.8317,60
22.8484,60
22.865,60
22.8817,60
22.8983,60
22.915,60
22.9317,60
22.9484,60
22.965,60
22.9817,60
22.9983,60
23.015,60
23.0317,60
23.0483,60
23.0651,60
23.0817,60
23.0984,60
23.1151,60
23.1317,60
23.1484,60
23.1651,60
23.1817,60
23.1984,60
23.215,60
23.2317,60
23.2484,60
23.265,60
23.2817,60
23.2984,60
23.3151,60
23.3317,60
23.3484,60
23.3651,60
23.3817,60
23.3984,60
23.4151,60
23.4318,60
23.4484,60
23.465,60
23.4817,60
23.4984,60
23.515,60
23.5318,60
23.5484,60
23.565,60
23.5818,60
23.5986,60
23.6151,60
23.6318,60
23.6485,60
23.665,60
23.6818,60
23.6984,60
23.7151,60
23.7317,60
23.7484,60
23.7651,60
23.7818,60
23.7984,60
23.8158,60
23.8322,60
23.8486,60
23.8654,60
23.882,60
23.8986,60
23.9153,60
23.9319,60
23.9486,60
23.9653,60
23.9819,60
23.9986,60
24.0153,60
24.0319,60
24.0486,60
24.0653,60
24.082,60
24.099,60
24.1157,60
24.1325,60
24.1491,60
24.1657,60
24.1823,60
24.199,60
24.2156,60
24.2323,60
24.2489,60
24.2656,60
24.2823,60
24.299,60
24.3157,60
24.3322,60
24.349,60
24.3657,60
24.3825,60
24.3991,60
24.4157,60
24.4326,60
24.449,60
24.4657,60
24.4824,60
24.499,60
24.5157,60
24.5324,60
24.5491,60
24.5658,60
24.5828,60
24.5992,60
24.6157,60
24.6323,60
24.649,60
24.6657,60
24.6824,60
24.699,60
24.7158,60
24.7324,60
24.7493,60
24.7658,60
24.7827,60
24.7992,60
24.816,60
24.8326,60
24.8492,60
24.8659,60
24.8826,60
24.8992,60
24.9159,60
24.9325,60
24.9492,60
24.9659,60
24.9826,60
24.9992,60
25.0159,60
25.0325,60
25.0493,60
25.0659,60
25.0826,60
25.0992,60
25.1159,60
25.134,60
25.1496,60
25.1662,60
25.1841,60
25.1995,60
25.2163,60
25.233,60
25.2496,60
25.2662,60
25.2829,60
25.2995,60
25.3163,60
25.333,60
25.3498,60
25.3663,60
25.3833,60
25.3997,60
25.4165,60
25.4331,60
25.4497,60
25.4664,60
25.483,60
25.4997,60
25.5163,60
25.533,60
25.5498,60
25.5671,60
25.5831,60
25.5998,60
25.6166,60
25.6332,60
25.6499,60
25.6665,60
25.6832,60
25.6998,60
25.7165,60
25.7332,60
25.7499,60
25.7666,60
25.7833,60
25.7998,60
25.8167,60
25.8333,60
25.85,60
25.8665,60
25.8832,60
25.9,60
25.9166,60
25.9331,60
25.9501,60
25.968,60
25.9847,60
26.0014,60
26.0187,60
26.0348,60
26.0515,60
26.0681,60
26.0847,60
26.1014,60
26.118,60
26.1347,60
26.1514,60
26.1681,60
26.1848,60
26.2015,60
26.2181,60
26.2348,60
26.2515,60
26.2684,60
26.2851,60
26.3017,60
26.3183,60
26.3349,60
26.3517,60
26.3683,60
26.3851,60
26.4017,60
26.4184,60
26.4351,60
26.4517,60
26.4683,60
26.485,60
26.5016,60
26.5183,60
26.535,60
26.5517,60
26.5684,60
26.5851,60
26.6017,60
26.6185,60
26.635,60
26.6518,60
26.6684,60
26.685,60
26.7017,60
26.7184,60
26.735,60
26.7517,60
26.7684,60
26.7851,60
26.8017,60
26.8189,60
26.8351,60
26.8522,60
26.8684,60
26.8852,60
26.9017,60
26.9184,60
26.9351,60
26.9518,60
26.9684,60
26.9852,60
27.0047,60
27.0221,60
27.0381,60
27.055,60
27.0716,60
27.0883,60
27.1051,60
27.1216,60
27.1383,60
27.1549,60
27.1716,60
27.1883,60
27.205,60
27.2231,60
27.2385,60
27.2551,60
27.2717,60
27.2885,60
27.305,60
27.3217,60
27.3384,60
27.3551,60
27.3718,60
27.3884,60
27.4051,60
27.4217,60
27.4385,60
27.4554,60
27.4717,60
27.4884,60
27.5051,60
27.5217,60
27.5384,60
27.5551,60
27.5718,60
27.5884,60
27.6053,60
27.6218,60
27.6385,60
27.6558,60
27.6719,60
27.6884,60
27.7051,60
27.7217,60
27.7384,60
27.7551,60
27.772,60
27.7885,60
27.8052,60
27.8219,60
27.8385,60
27.8552,60
27.8718,60
27.8894,60
27.9052,60
27.9219,60
27.9385,60
27.9552,60
27.9719,60
27.9886,60
28.0053,60
28.0257,60
28.0423,60
28.0591,60
28.0758,60
28.0923,60
28.109,60
28.1257,60
28.1424,60
28.159,60
28.1757,60
28.1924,60
28.2091,60
28.2257,60
28.2425,60
28.2592,60
28.2758,60
28.2926,60
28.3091,60
28.3257,60
28.3423,60
28.359,60
28.3757,60
28.3924,60
28.4091,60
28.4259,60
28.4425,60
28.459,60
28.4757,60
28.4924,60
28.509,60
28.5257,60
28.5424,60
28.559,60
28.5757,60
28.5924,60
28.6091,60
28.6258,60
28.6425,60
28.6592,60
28.6759,60
28.6926,60
28.7091,60
28.7257,60
28.7424,60
28.759,60
28.7757,60
28.7925,60
28.8091,60
28.8259,60
28.8431,60
28.8599,60
28.8765,60
28.893,60
28.9097,60
28.9264,60
28.9431,60
28.9597,60
28.9764,60
28.9931,60
29.0098,60
29.0265,60
29.0432,60
29.0599,60
29.0764,60
29.0931,60
29.1098,60
29.1264,60
29.1431,60
29.1598,60
29.1764,60
29.1931,60
29.2098,60
29.2266,60
29.2432,60
29.26,60
29.2767,60
29.2933,60
29.31,60
29.3266,60
29.3432,60
29.3599,60
29.3765,60
29.3932,60
29.41,60
29.4266,60
29.4441,60
29.4608,60
29.4773,60
29.494,60
29.5107,60
29.5273,60
29.544,60
29.5607,60
29.5773,60
29.5941,60
29.6107,60
29.6274,60
29.6441,60
29.6607,60
29.6783,60
29.6942,60
29.7113,60
29.7273,60
29.744,60
29.7607,60
29.7773,60
29.794,60
29.8108,60
29.8274,60
29.844,60
29.8607,60
29.8774,60
29.8942,60
29.9107,60
29.9273,60
29.944,60
29.9607,60
29.9773,60
29.994,60
30.0107,60
30.0274,60
30.0441,60
30.0608,60
30.0774,60
30.094,60
30.1107,60
30.1273,60
30.144,60
30.1607,60
30.1774,60
30.1941,60
30.2108,60
30.2275,60
30.2441,60
30.2608,60
30.2775,60
30.2942,60
30.3108,60
30.3275,60
30.3441,60
30.3607,60
30.3774,60
30.3941,60
30.4107,60
30.4274,60
30.4443,60
30.4608,60
30.4774,60
30.4942,60
30.5108,60
30.5274,60
30.5441,60
30.5608,60
30.5774,60
30.5944,60
30.6109,60
30.6276,60
30.6442,60
30.6624,60
30.6794,60
30.7,60
30.7167,60
30.7334,60
30.7501,60
30.7667,60
30.7834,60
30.8001,60
30.8168,60
30.8334,60
30.8501,60
30.8668,60
30.8835,60
30.9001,60
30.9168,60
30.9336,60
30.9501,60
30.9668,60
30.9835,60
31.0001,60
31.0168,60
31.0335,60
31.0501,60
31.0682,60
31.085,60
31.1015,60
31.1184,60
31.1349,60
31.1515,60
31.1682,60
31.1848,60
31.2015,60
31.2182,60
31.2349,60
31.2515,60
31.2682,60
31.2851,60
31.3015,60
31.3182,60
31.3348,60
31.3515,60
31.3682,60
31.3848,60
31.4015,60
31.4182,60
31.4349,60
31.4517,60
31.4688,60
31.485,60
31.5058,60
31.5227,60
31.5394,60
31.556,60
31.5726,60
31.5893,60
31.606,60
31.6226,60
31.6393,60
31.656,60
31.6727,60
31.6893,60
31.7066,60
31.7227,60
31.7395,60
31.7561,60
31.7766,60
31.7933,60
31.81,60
31.8267,60
31.8433,60
31.8601,60
31.8813,60
31.898,60
31.9147,60
31.9314,60
31.9483,60
31.9649,60
31.9816,60
31.9982,60
32.0149,60
32.0316,60
32.0483,60
32.065,60
32.0816,60
32.0984,60
32.115,60
32.1317,60
32.1483,60
32.1649,60
32.1816,60
32.1983,60
32.2149,60
32.2316,60
32.2483,60
32.265,60
32.2836,60
32.3003,60
32.3172,60
32.3336,60
32.3502,60
32.3668,60
32.3835,60
32.4002,60
32.4168,60
32.4335,60
32.4504,60
32.4671,60
32.4837,60
32.5002,60
32.5169,60
32.5336,60
32.5502,60
32.5669,60
32.5836,60
32.6003,60
32.6169,60
32.6336,60
32.6503,60
32.667,60
32.6837,60
32.7002,60
32.7181,60
32.7337,60
32.7504,60
32.767,60
32.7837,60
32.8003,60
32.817,60
32.8337,60
32.8504,60
32.8671,60
32.8837,60
32.9004,60
32.9171,60
32.9338,60
32.9505,60
32.9672,60
32.9838,60
33.0007,60
33.0187,60
33.0354,60
33.0521,60
33.0687,60
33.0854,60
33.1022,60
33.1189,60
33.1354,60
33.1531,60
33.1697,60
33.1864,60
33.2031,60
33.2198,60
33.2364,60
33.2532,60
33.2698,60
33.29,60
33.3067,60
33.3234,60
33.3401,60
33.3568,60
33.3734,60
33.3901,60
33.4066,60
33.4233,60
33.4401,60
33.4567,60
33.4734,60
33.4987,60
33.5154,60
33.5322,60
33.5489,60
33.5655,60
33.5821,60
33.5987,60
33.6154,60
33.6321,60
33.6487,60
33.6655,60
33.6821,60
33.6988,60
33.7155,60
33.7323,60
33.7492,60
33.7657,60
33.7844,60
33.8011,60
33.8177,60
33.8344,60
33.8511,60
33.8678,60
33.8844,60
33.9012,60
33.9178,60
33.9345,60
33.9512,60
33.9679,60
33.9845,60
34.0012,60
34.0178,60
34.0345,60
34.0512,60
34.0678,60
34.0845,60
34.1016,60
34.1181,60
34.1349,60
34.1515,60
34.1684,60
34.1848,60
34.2014,60
34.2181,60
34.2348,60
34.2515,60
34.2682,60
34.2849,60
34.3015,60
34.3182,60
34.335,60
34.3606,60
34.3774,60
34.3941,60
34.4108,60
34.4299,60
34.4466,60
34.4634,60
34.4801,60
34.4967,60
34.5134,60
34.53,60
34.5469,60
34.5637,60
34.5803,60
34.597,60
34.6148,60
34.6315,60
34.6481,60
34.6648,60
34.6815,60
34.6991,60
34.7158,60
34.7325,60
34.7493,60
34.7663,60
34.7829,60
34.7996,60
34.816,60
34.8384,60
34.855,60
34.8717,60
34.8884,60
34.9051,60
34.9217,60
34.9385,60
34.9552,60
34.9717,60
34.9887,60
35.0054,60
35.0218,60
35.0386,60
35.0553,60
35.0761,60
35.0915,60
35.1082,60
35.125,60
35.1416,60
35.1581,60
35.175,60
35.1976,60
35.2147,60
35.2312,60
35.2478,60
35.2668,60
35.2835,60
35.3002,60
35.3168,60
35.3335,60
35.3502,60
35.3669,60
35.3837,60
35.4002,60
35.42,60
35.437,60
35.4535,60
35.4701,60
35.4869,60
35.5036,60
35.5202,60
35.5368,60
35.5535,60
35.5703,60
35.5869,60
35.6036,60
35.6209,60
35.6376,60
35.6543,60
35.671,60
35.6876,60
35.7044,60
35.721,60
35.7378,60
35.7544,60
35.7709,60
35.7879,60
35.8045,60
35.8249,60
35.8461,59
35.8628,59
35.8794,59
35.8961,59
35.9128,59
35.9294,59
35.9462,59
35.9629,59
35.9804,59
35.9964,59
36.0216,59
36.0443,58
36.061,58
36.0777,58
36.0944,58
36.111,58
36.1277,58
36.1445,58
36.1611,58
36.1778,58
36.1944,58
36.2111,58
36.2312,58
36.2479,59
36.2646,59
36.2813,59
36.2979,59
36.3145,59
36.3313,59
36.3493,59
36.3661,59
36.3827,59
36.3994,59
36.4163,59
36.4332,59
36.4627,58
36.4816,57
36.4996,57
36.5164,57
36.5332,57
36.5498,57
36.5664,57
36.5831,57
36.5998,57
36.6164,57
36.6378,57
36.6546,58
36.6712,58
36.6879,58
36.7045,58
36.7212,58
36.7379,58
36.7545,58
36.7712,58
36.7879,58
36.8046,58
36.8214,58
36.8379,58
36.8545,58
36.8712,58
36.8879,58
36.9046,58
36.9212,58
36.9379,58
36.9545,58
36.9712,58
36.988,58
37.0046,58
37.0213,58
37.0395,58
37.0562,58
37.0728,58
37.0895,58
37.1061,60
37.1228,60
37.1395,60
37.1562,60
37.1734,60
37.1902,60
37.2068,60
37.2307,60
37.2565,59
37.2731,59
37.2898,59
37.3065,59
37.3232,59
37.3398,59
37.3566,59
37.3734,59
37.3899,59
37.4066,59
37.424,59
37.44,59
37.4626,59
37.4794,59
37.4964,59
37.5131,59
37.5332,59
37.5499,59
37.5668,59
37.5834,59
37.6,59
37.6182,59
37.6349,59
37.6515,59
37.6916,59
37.7083,59
37.725,59
37.7428,59
37.7595,59
37.7761,59
37.7929,59
37.8104,59
37.8269,59
37.8436,59
37.8605,59
37.8812,60
37.8979,60
37.9144,60
37.9311,60
37.9478,60
37.9644,60
37.9812,60
37.9989,60
38.0156,60
38.0324,60
38.049,60
38.0657,60
38.0823,60
38.099,60
38.1157,60
38.1338,60
38.1506,60
38.1672,60
38.1838,60
38.2005,60
38.2172,60
38.234,60
38.2506,60
38.2745,60
38.2913,60
38.308,60
38.3246,60
38.3412,60
38.359,60
38.3757,60
38.3925,60
38.4092,60
38.4259,60
38.4424,60
38.4595,60
38.4765,60
38.4981,60
38.5147,60
38.5314,60
38.5481,60
38.5648,60
38.5815,60
38.6026,60
38.6194,60
38.636,60
38.6527,60
38.6791,60
38.6995,59
38.7162,59
38.7329,59
38.7496,59
38.7663,59
38.783,59
38.7999,59
38.8163,59
38.8329,59
38.8497,59
38.8663,59
38.8882,59
38.9049,59
38.9215,59
38.9382,59
38.9549,59
38.9715,59
38.989,59
39.0064,59
39.0321,59
39.0559,58
39.0726,58
39.0892,58
39.1059,58
39.1256,58
39.1423,58
39.159,58
39.1756,58
39.1923,58
39.2091,58
39.2264,58
39.2472,58
39.264,58
39.2807,58
39.3073,58
39.3273,57
39.3441,57
39.3607,57
39.3814,57
39.3981,57
39.4148,57
39.4314,57
39.4484,57
39.465,57
39.4879,57
39.5046,58
39.5212,58
39.5379,58
39.5545,58
39.5712,58
39.5895,58
39.6063,58
39.623,58
39.6402,58
39.661,58
39.6817,58
39.6984,58
39.7152,58
39.7317,58
39.7484,58
39.765,58
39.7855,58
39.8022,58
39.8189,58
39.8356,58
39.8523,58
39.8691,58
39.8857,58
39.9118,58
39.9283,58
39.945,58
39.9646,58
39.9813,59
39.998,59
40.0149,59
40.0314,59
40.0481,59
40.0649,59
40.0857,59
40.1024,59
40.1191,59
40.1357,59
40.1524,59
40.1691,59
40.1858,59
40.2033,59
40.22,59
40.2367,59
40.2534,59
40.27,59
40.2868,59
40.3057,59
40.3409,59
40.3594,57
40.3761,57
40.3928,57
40.4095,57
40.4261,57
40.4474,57
40.4641,57
40.4808,57
40.4975,57
40.5142,57
40.5308,57
40.5502,57
40.567,57
40.5836,57
40.6002,57
40.6169,57
40.6336,57
40.6503,57
40.6702,57
40.687,57
40.7037,57
40.7317,57
40.754,56
40.7707,56
40.7874,56
40.8041,56
40.8207,56
40.8374,56
40.8541,56
40.8709,56
40.8876,56
40.9041,56
40.9207,56
40.9423,57
40.9591,59
40.9756,59
40.9922,59
41.009,59
41.0256,59
41.0437,59
41.0605,59
41.0771,59
41.0944,59
41.1111,59
41.1299,58
41.1465,58
41.1682,58
41.1849,58
41.2015,58
41.2182,58
41.2349,58
41.2515,58
41.2705,58
41.2886,58
41.3053,58
41.3242,58
41.341,58
41.3634,58
41.3801,59
41.3968,59
41.4134,59
41.4301,59
41.4486,59
41.4653,59
41.4821,59
41.4987,59
41.5167,59
41.5334,59
41.5502,59
41.5729,59
41.5896,59
41.6063,59
41.623,59
41.6397,59
41.6563,59
41.6742,59
41.691,59
41.7077,59
41.7272,59
41.7441,59
41.7608,59
41.7817,59
41.7985,59
41.8151,59
41.8318,59
41.8484,59
41.8652,59
41.8833,59
41.9001,59
41.9168,59
41.9334,59
41.9501,59
41.9669,59
41.9836,59
42.0036,59
42.0265,59
42.0434,59
42.0599,59
42.0781,59
42.0949,59
42.1142,59
42.1312,59
42.1484,59
42.1648,59
42.1815,59
42.2032,59
42.2198,59
42.2364,59
42.2531,59
42.2698,59
42.2865,59
42.304,59
42.3207,59
42.3374,59
42.3541,59
42.3709,59
42.3878,59
42.4042,59
42.4208,59
42.4393,59
42.456,59
42.4727,59
42.49,59
42.5083,59
42.5247,59
42.5415,59
42.5589,59
42.5757,59
42.5924,59
42.6091,59
42.6258,59
42.6467,59
42.6718,59
42.6884,59
42.7051,59
42.7238,59
42.7405,59
42.7572,59
42.774,59
42.7907,59
42.8083,59
42.8244,59
42.8411,59
42.8637,59
42.8804,59
42.8971,59
42.9137,59
42.9304,59
42.9534,59
42.9701,58
42.987,58
43.0036,58
43.0217,58
43.0464,58
43.0631,58
43.0799,58
43.1003,58
43.117,58
43.1338,58
43.1504,58
43.1671,58
43.1839,58
43.2005,58
43.2228,58
43.2395,58
43.2562,58
43.2729,58
43.2895,58
43.3062,58
43.3269,59
43.3437,59
43.3604,59
43.377,59
43.3938,59
43.4104,59
43.4326,59
43.4494,59
43.466,59
43.4827,59
43.4994,59
43.516,59
43.5345,59
43.5512,59
43.5679,59
43.5845,59
43.6012,59
43.6305,60
43.6533,58
43.6713,58
43.688,58
43.7047,58
43.7214,58
43.738,58
43.7547,58
43.7714,58
43.7953,58
43.812,58
43.8287,58
43.8454,58
43.8732,58
43.89,58
43.9094,58
43.9262,58
43.9428,58
43.9595,58
43.9762,58
43.9928,58
44.0189,58
44.0463,57
44.0678,56
44.0845,56
44.1011,56
44.1205,56
44.1372,56
44.1539,56
44.1705,56
44.1873,56
44.204,56
44.2207,56
44.2468,56
44.2647,56
44.2814,57
44.3008,57
44.3175,57
44.3343,57
44.3508,57
44.3675,57
44.3842,57
44.4011,57
44.427,57
44.4443,57
44.4609,57
44.4846,57
44.5013,57
44.518,57
44.5347,57
44.5513,57
44.5704,57
44.5871,57
44.6038,57
44.6204,57
44.6371,57
44.6538,58
44.6705,59
44.6969,59
44.7136,59
44.7303,59
44.7482,59
44.7649,59
44.7817,59
44.7983,59
44.8151,59
44.8317,59
44.8489,59
44.8657,60
44.888,60
44.9047,60
44.9215,60
44.9381,60
44.9548,60
44.9714,60
44.9927,60
45.0094,60
45.0261,60
45.0428,60
45.0608,60
45.0919,60
45.1107,58
45.1273,58
45.144,58
45.1607,58
45.1774,58
45.194,58
45.2108,58
45.2341,58
45.2508,58
45.2675,58
45.2842,58
45.3018,58
45.3246,58
45.3413,58
45.358,58
45.3747,58
45.3913,58
45.4175,58
45.4343,58
45.4509,58
45.4765,58
45.4933,58
45.5101,58
45.532,58
45.5487,58
45.5654,58
45.582,58
45.5989,58
45.6154,58
45.6423,58
45.659,58
45.6757,58
45.6999,58
45.7165,60
45.7333,60
45.75,60
45.7695,60
45.7863,60
45.803,60
45.8196,60
45.8364,60
45.8536,60
45.8703,60
45.8923,60
45.909,60
45.9257,60
45.9424,60
45.9593,60
45.9758,60
45.9949,60
46.0116,60
46.0285,60
46.0452,60
46.0618,60
46.0787,60
46.0953,60
46.1179,60
46.1347,60
46.1513,60
46.168,60
46.1846,60
46.2013,60
46.223,60
46.2397,60
46.2564,60
46.2731,60
46.2898,60
46.3064,60
46.3266,60
46.3439,59
46.3606,59
46.3772,59
46.3939,59
46.4106,59
46.43,59
46.4468,60
46.4664,60
46.4832,60
46.5,60
46.5254,60
46.5421,60
46.5588,60
46.5754,60
46.5931,60
46.6098,60
46.6265,60
46.6432,60
46.6599,60
46.6765,60
46.6933,60
46.713,59
46.7333,59
46.75,59
46.7667,59
46.7833,59
46.8,59
46.8182,59
46.835,59
46.8516,59
46.8703,59
46.8871,59
46.9037,59
46.9204,59
46.9416,59
46.9584,59
46.9749,59
46.9916,59
47.0083,59
47.025,59
47.0474,59
47.0642,59
47.0807,59
47.0975,59
47.1141,59
47.1308,59
47.1549,59
47.1716,59
47.1884,59
47.205,59
47.2237,59
47.2403,59
47.2574,59
47.2741,59
47.2908,59
47.3075,59
47.3242,59
47.3409,59
47.3636,59
47.3805,60
47.3971,60
47.4137,60
47.4304,60
47.4507,60
47.4676,60
47.4842,60
47.5015,60
47.5182,60
47.535,60
47.5603,60
47.577,60
47.5937,60
47.6103,60
47.6291,60
47.6458,60
47.6625,60
47.6792,60
47.6959,60
47.7125,60
47.7293,60
47.7459,60
47.7705,60
47.7872,60
47.8039,60
47.8206,60
47.8432,60
47.8599,60
47.8766,60
47.8932,60
47.9099,60
47.9383,60
47.9552,60
47.9818,60
48.0008,60
48.0288,60
48.0455,60
48.066,60
48.0827,60
48.0994,60
48.1161,60
48.1328,60
48.1494,60
48.1661,60
48.1908,60
48.2075,60
48.2241,60
48.2408,60
48.2611,60
48.2778,60
48.2945,60
48.3112,60
48.3278,60
48.3445,60
48.3612,60
48.3794,60
48.3962,60
48.4128,60
48.4295,60
48.4462,60
48.4628,60
48.4795,60
48.4962,60
48.5202,60
48.5369,60
48.5536,60
48.5702,60
48.5919,60
48.6086,60
48.6253,60
48.642,60
48.6587,60
48.6753,60
48.6942,60
48.711,60
48.7276,60
48.7443,60
48.761,60
48.7776,60
48.7943,60
48.811,60
48.829,60
48.8457,60
48.8624,60
48.8791,60
48.8958,60
48.9124,60
48.9291,60
48.9457,60
48.9651,60
48.9818,60
48.9984,60
49.0151,60
49.0318,60
49.0485,60
49.0651,60
49.0842,60
49.101,60
49.1177,60
49.1343,60
49.151,60
49.1676,60
49.1843,60
49.201,60
49.2215,60
49.2382,60
49.2549,60
49.2715,60
49.2882,60
49.3049,60
49.3244,60
49.3412,60
49.3578,60
49.3745,60
49.3912,60
49.4078,60
49.4245,60
49.4412,60
49.4607,60
49.4774,60
49.494,60
49.5107,60
49.5274,60
49.5441,60
49.5607,60
49.5806,60
49.5974,60
49.614,60
49.6307,60
49.6473,60
49.664,60
49.6807,60
49.7,60
49.7168,60
49.7333,60
49.75,60
49.7667,60
49.7833,60
49.8001,60
49.8202,60
49.8369,60
49.8535,60
49.8702,60
49.8869,60
49.9036,60
49.9202,60
49.9395,60
49.9562,60
49.9729,60
49.9896,60
50.0062,60
50.0229,60
50.0396,60
50.0563,60
50.0763,60
50.0929,60
50.1096,60
50.1263,60
50.143,60
50.1596,60
50.1763,60
50.196,60
50.2127,60
50.2294,60
50.2461,60
50.2627,60
50.2794,60
50.2961,60
50.3163,60
50.3329,60
50.3496,60
50.3663,60
50.383,60
50.3996,60
50.4163,60
50.4373,60
50.4541,60
50.4708,60
50.4874,60
50.5041,60
50.5208,60
50.5415,60
50.5583,60
50.5749,60
50.5915,60
50.6082,60
50.6249,60
50.6446,60
50.6613,60
50.678,60
50.6947,60
50.7113,60
50.728,60
50.7447,60
50.7613,60
50.7805,60
50.7972,60
50.8139,60
50.8306,60
50.8473,60
50.8639,60
50.8806,60
50.8998,60
50.9165,60
50.9332,60
50.9498,60
50.9665,60
50.9832,60
50.9998,60
51.0165,60
51.038,60
51.0547,60
51.0714,60
51.0881,60
51.1047,60
51.1214,60
51.142,60
51.1587,60
51.1754,60
51.192,60
51.2087,60
51.2254,60
51.2465,60
51.2632,60
51.2799,60
51.2966,60
51.3133,60
51.3299,60
51.3497,60
51.3664,60
51.383,60
51.3997,60
51.4164,60
51.433,60
51.4497,60
51.4664,60
51.4887,60
51.5055,60
51.5222,60
51.5387,60
51.5554,60
51.5752,60
51.5919,60
51.6086,60
51.6253,60
51.6419,60
51.6586,60
51.6753,60
51.6948,60
51.7115,60
51.7281,60
51.7448,60
51.7615,60
51.7782,60
51.7948,60
51.8115,60
51.8297,60
51.8464,60
51.8631,60
51.8797,60
51.8964,60
51.9131,60
51.9298,60
51.9464,60
51.9642,60
51.9809,60
51.9976,60
52.0143,60
52.0309,60
52.0476,60
52.0643,60
52.0809,60
52.0996,60
52.1163,60
52.133,60
52.1497,60
52.1664,60
52.183,60
52.1997,60
52.2164,60
52.236,60
52.2527,60
52.2694,60
52.286,60
52.3027,60
52.3194,60
52.336,60
52.355,60
52.3717,60
52.3884,60
52.4051,60
52.4217,60
52.4384,60
52.4551,60
52.4742,60
52.491,60
52.5077,60
52.5243,60
52.541,60
52.5576,60
52.5743,60
52.591,60
52.6089,60
52.6256,60
52.6423,60
52.6589,60
52.6756,60
52.6923,60
52.7089,60
52.7256,60
52.747,60
52.7637,60
52.7804,60
52.7971,60
52.8137,60
52.8304,60
52.8488,60
52.8655,60
52.8821,60
52.8988,60
52.9155,60
52.9321,60
52.9488,60
52.9655,60
52.9855,60
53.0022,60
53.0189,60
53.0355,60
53.0522,60
53.0689,60
53.0855,60
53.1049,60
53.1216,60
53.1383,60
53.1549,60
53.1716,60
53.1883,60
53.205,60
53.2246,60
53.2413,60
53.2579,60
53.2746,60
53.2913,60
53.3079,60
53.3246,60
53.3413,60
53.3621,60
53.3789,60
53.3955,60
53.4122,60
53.4288,60
53.4455,60
53.4643,60
53.481,60
53.4976,60
53.5143,60
53.531,60
53.5476,60
53.5643,60
53.581,60
53.5998,60
53.6165,60
53.6332,60
53.6499,60
53.6665,60
53.6832,60
53.7,60
53.7206,60
53.7374,60
53.754,60
53.7706,60
53.7873,60
53.804,60
53.8207,60
53.8399,60
53.8567,60
53.8733,60
53.89,60
53.9067,60
53.9234,60
53.94,60
53.959,60
53.9757,60
53.9924,60
54.0091,60
54.0257,60
54.0426,60
54.0591,60
54.0757,60
54.0944,60
54.1111,60
54.1278,60
54.1445,60
54.1611,60
54.1778,60
54.1945,60
54.2111,60
54.2295,60
54.2462,60
54.2629,60
54.2796,60
54.2962,60
54.3129,60
54.3296,60
54.3462,60
54.3643,60
54.381,60
54.3976,60
54.4143,60
54.431,60
54.4477,60
54.4643,60
54.481,60
54.499,60
54.5157,60
54.5324,60
54.5491,60
54.5657,60
54.5824,60
54.5991,60
54.6158,60
54.6378,60
54.6545,60
54.6712,60
54.6878,60
54.7045,60
54.7212,60
54.7399,60
54.7567,60
54.7733,60
54.7899,60
54.8067,60
54.8233,60
54.84,60
54.8587,60
54.8754,60
54.8921,60
54.9087,60
54.9254,60
54.9421,60
54.9587,60
54.9754,60
54.9932,60
55.0099,60
55.0266,60
55.0432,60
55.0599,60
55.0765,60
55.0932,60
55.1099,60
55.1285,60
55.1452,60
55.1619,60
55.1786,60
55.1952,60
55.2119,60
55.2285,60
55.2452,60
55.2651,60
55.2818,60
55.2984,60
55.3151,60
55.3318,60
55.3484,60
55.3651,60
55.3838,60
55.4005,60
55.4172,60
55.4339,60
55.4505,60
55.4672,60
55.4839,60
55.5005,60
55.5259,60
55.5426,60
55.5593,60
55.5759,60
55.5958,60
55.6125,60
55.6291,60
55.6458,60
55.6625,60
55.6791,60
55.6958,60
55.7149,60
55.7316,60
55.7483,60
55.7649,60
55.7816,60
55.7983,60
55.8149,60
55.8343,60
55.8511,60
55.8677,60
55.8844,60
55.9011,60
55.9178,60
55.9344,60
55.9511,60
55.9717,60
55.9883,60
56.005,60
56.0217,60
56.0384,60
56.055,60
56.0736,60
56.0903,60
56.1069,60
56.1237,60
56.1403,60
56.157,60
56.1737,60
56.1903,60
56.2107,60
56.2274,60
56.2441,60
56.2607,60
56.2774,60
56.2941,60
56.3107,60
56.3296,60
56.3463,60
56.3629,60
56.3796,60
56.3963,60
56.4129,60
56.4296,60
56.4463,60
56.4653,60
56.4819,60
56.4986,60
56.5155,60
56.5321,60
56.5488,60
56.5655,60
56.5853,60
56.602,60
56.6186,60
56.6353,60
56.652,60
56.6687,60
56.6853,60
56.7063,60
56.723,60
56.7396,60
56.7563,60
56.773,60
56.7896,60
56.8063,60
56.8247,60
56.8414,60
56.8581,60
56.8748,60
56.8915,60
56.9081,60
56.9247,60
56.9414,60
56.9591,60
56.9758,60
56.9924,60
57.0091,60
57.0258,60
57.0424,60
57.0591,60
57.0757,60
57.0937,60
57.1104,60
57.1271,60
57.1437,60
57.1604,60
57.1771,60
57.1937,60
57.2104,60
57.2286,60
57.2453,60
57.262,60
57.2786,60
57.2953,60
57.312,60
57.3286,60
57.3453,60
57.3642,60
57.3809,60
57.3975,60
57.4142,60
57.4309,60
57.4475,60
57.4642,60
57.4809,60
57.4984,60
57.5152,60
57.5318,60
57.5484,60
57.5651,60
57.5818,60
57.5984,60
57.6151,60
57.635,60
57.6517,60
57.6684,60
57.6851,60
57.7017,60
57.7183,60
57.735,60
57.7541,60
57.7708,60
57.7874,60
57.8042,60
57.8209,60
57.8375,60
57.8541,60
57.8708,60
57.8894,60
57.9064,60
57.9229,60
57.9395,60
57.9561,60
57.9728,60
57.9895,60
58.0062,60
58.0244,60
58.0411,60
58.0578,60
58.0744,60
58.0911,60
58.1078,60
58.1244,60
58.1411,60
58.1596,60
58.1763,60
58.1929,60
58.2096,60
58.2263,60
58.2429,60
58.2596,60
58.2762,60
58.2945,60
58.3112,60
58.3279,60
58.3446,60
58.3612,60
58.3779,60
58.3946,60
58.4113,60
58.4291,60
58.4458,60
58.4625,60
58.4791,60
58.4958,60
58.5126,60
58.5292,60
58.5458,60
58.5636,60
58.5803,60
58.597,60
58.6137,60
58.6304,60
58.647,60
58.6637,60
58.6804,60
58.6982,60
58.7149,60
58.7316,60
58.7482,60
58.7649,60
58.7816,60
58.7982,60
58.8149,60
58.8316,60
58.853,60
58.8698,60
58.8864,60
58.9031,60
58.9198,60
58.9365,60
58.9546,60
58.9713,60
58.9881,60
59.0047,60
59.0214,60
59.038,60
59.0547,60
59.0714,60
59.0901,60
59.1069,60
59.1236,60
59.1402,60
59.1569,60
59.1735,60
59.1902,60
59.2081,60
59.2248,60
59.2415,60
59.2582,60
59.2749,60
59.2915,60
59.3082,60
59.3248,60
59.3415,60
59.3593,60
59.376,60
59.3926,60
59.4093,60
59.426,60
59.4427,60
59.4593,60
59.476,60
59.4936,60
59.5103,60
59.5269,60
59.5436,60
59.5603,60
59.5769,60
59.5936,60
59.6103,60
59.6275,60
59.6442,60
59.6609,60
59.6776,60
59.6942,60
59.7109,60
59.7276,60
59.7442,60
59.7609,60
59.7784,60
59.7951,60
59.8118,60
59.8285,60
59.8451,60
59.862,60
59.8785,60
59.8952,60
59.9133,60
59.93,60
59.9466,60
59.9633,60
59.98,60
59.9967,60
60.0133,60
60.03,60
60.0478,60
60.0645,60
60.0811,60
60.0978,60
60.1145,60
60.1311,60
60.1478,60
60.1644,60
60.1811,60
60.1978,60
60.2145,60
60.2312,60
60.2479,60
60.2645,60
60.2812,60
60.2979,60
60.3145,60
60.3312,60
60.3479,60
60.3646,60
60.3813,60
60.3979,60
60.4146,60
60.4313,60
60.448,60
60.4646,60
60.4813,60
60.4986,60
60.5154,60
60.532,60
60.5486,60
60.5653,60
60.582,60
60.5986,60
60.6153,60
60.6326,60
60.6493,60
60.666,60
60.6827,60
60.6993,60
60.716,60
60.7327,60
60.7493,60
60.766,60
60.7846,60
60.8013,60
60.818,60
60.8347,60
60.8513,60
60.868,60
60.8846,60
60.9013,60
60.9199,60
60.9366,60
60.9532,60
60.9699,60
60.9866,60
61.0033,60
61.0199,60
61.0374,60
61.0541,60
61.0707,60
61.0874,60
61.1041,60
61.1208,60
61.1375,60
61.1542,60
61.1707,60
61.1885,60
61.2053,60
61.2219,60
61.2386,60
61.2553,60
61.272,60
61.2886,60
61.3055,60
61.3234,60
61.3402,60
61.3569,60
61.3735,60
61.3901,60
61.4068,60
61.4235,60
61.4402,60
61.4582,60
61.4749,60
61.4916,60
61.5082,60
61.5251,60
61.5415,60
61.5582,60
61.5749,60
61.5997,60
61.6164,60
61.6331,60
61.6497,60
61.6664,60
61.6841,60
61.7008,60
61.7175,60
61.7342,60
61.7509,60
61.7675,60
61.7842,60
61.8009,60
61.8184,60
61.8351,60
61.8518,60
61.8685,60
61.8851,60
61.9018,60
61.9185,60
61.9351,60
61.9537,60
61.9705,60
61.9871,60
62.0037,60
62.0205,60
62.0371,60
62.0538,60
62.0705,60
62.0883,60
62.105,60
62.1217,60
62.1383,60
62.155,60
62.1717,60
62.1883,60
62.205,60
62.2225,60
62.2392,60
62.2559,60
62.2725,60
62.2892,60
62.3059,60
62.3225,60
62.3392,60
62.3559,60
62.3728,60
62.3895,60
62.4062,60
62.4228,60
62.4395,60
62.4562,60
62.4728,60
62.4895,60
62.5062,60
62.5242,60
62.5409,60
62.5576,60
62.5742,60
62.5909,60
62.6076,60
62.6242,60
62.6409,60
62.665,60
62.6817,60
62.6983,60
62.715,60
62.7318,60
62.7484,60
62.7651,60
62.7818,60
62.7984,60
62.8151,60
62.8318,60
62.8484,60
62.8651,60
62.8826,60
62.8993,60
62.916,60
62.9327,60
62.9493,60
62.966,60
62.9826,60
62.9993,60
63.016,60
63.0344,60
63.0512,60
63.0678,60
63.0844,60
63.1011,60
63.1178,60
63.1344,60
63.1511,60
63.1687,60
63.1853,60
63.202,60
63.2187,60
63.2353,60
63.252,60
63.2687,60
63.2853,60
63.3092,60
63.326,60
63.3426,60
63.3593,60
63.376,60
63.396,60
63.4127,60
63.4293,60
63.446,60
63.4627,60
63.4794,60
63.496,60
63.5136,60
63.5303,60
63.5469,60
63.5636,60
63.5803,60
63.597,60
63.6136,60
63.6303,60
63.6481,60
63.6648,60
63.6814,60
63.6981,60
63.7148,60
63.7314,60
63.7481,60
63.7648,60
63.7815,60
63.7993,60
63.816,60
63.8327,60
63.8494,60
63.8661,60
63.8827,60
63.8994,60
63.916,60
63.9405,60
63.9572,60
63.9738,60
63.9905,60
64.0094,60
64.0261,60
64.0428,60
64.0594,60
64.0761,60
64.0928,60
64.1094,60
64.1261,60
64.1453,60
64.162,60
64.1787,60
64.1953,60
64.212,60
64.2287,60
64.2454,60
64.2641,60
64.2808,60
64.2975,60
64.3141,60
64.3308,60
64.3475,60
64.3642,60
64.3808,60
64.3987,60
64.4154,60
64.4321,60
64.4488,60
64.4654,60
64.4821,60
64.4988,60
64.5154,60
64.5366,60
64.5533,60
64.57,60
64.5866,60
64.6033,60
64.62,60
64.638,60
64.6547,60
64.6714,60
64.688,60
64.7047,60
64.7214,60
64.738,60
64.7547,60
64.7714,60
64.7886,60
64.8053,60
64.822,60
64.8386,60
64.8553,60
64.872,60
64.8887,60
64.9053,60
64.9228,60
64.9395,60
64.9562,60
64.9728,60
64.9895,60
65.0061,60
65.0228,60
65.0395,60
65.0562,60
65.0732,60
65.0899,60
65.1065,60
65.1232,60
65.1399,60
65.1566,60
65.1732,60
65.1899,60
65.207,60
65.2237,60
65.2404,60
65.257,60
65.2737,60
65.2904,60
65.3071,60
65.3237,60
65.3404,60
65.3585,60
65.3752,60
65.3919,60
65.4085,60
65.4252,60
65.4419,60
65.4585,60
65.4752,60
65.4987,60
65.5154,60
65.5321,60
65.5487,60
65.5654,60
65.59,60
65.6067,60
65.6234,60
65.64,60
65.6569,60
65.6736,60
65.6902,60
65.7069,60
65.7235,60
65.7402,60
65.7569,60
65.7736,60
65.7902,60
65.8116,60
65.8283,60
65.845,60
65.8616,60
65.8783,60
65.895,60
65.9138,60
65.9305,60
65.9472,60
65.9638,60
65.9805,60
65.9972,60
66.0139,60
66.0305,60
66.0494,60
66.0661,60
66.0827,60
66.0994,60
66.1161,60
66.1327,60
66.1494,60
66.1661,60
66.1847,60
66.2014,60
66.218,60
66.2347,60
66.2514,60
66.268,60
66.2847,60
66.3014,60
66.3192,60
66.3359,60
66.3525,60
66.3692,60
66.3859,60
66.4025,60
66.4192,60
66.4359,60
66.4538,60
66.4705,60
66.4872,60
66.5038,60
66.5205,60
66.5372,60
66.5539,60
66.5705,60
66.5882,60
66.6049,60
66.6216,60
66.6382,60
66.6549,60
66.6715,60
66.6882,60
66.7049,60
66.7226,60
66.7393,60
66.756,60
66.7727,60
66.7893,60
66.806,60
66.8227,60
66.8393,60
66.856,60
66.8743,60
66.891,60
66.9077,60
66.9243,60
66.941,60
66.9577,60
66.9743,60
66.991,60
67.0096,60
67.0263,60
67.043,60
67.0596,60
67.0763,60
67.093,60
67.1096,60
67.1263,60
67.1483,60
67.165,60
67.1817,60
67.1984,60
67.2151,60
67.2326,60
67.2494,60
67.266,60
67.2827,60
67.2994,60
67.316,60
67.3327,60
67.3494,60
67.3661,60
67.3844,60
67.4011,60
67.4178,60
67.4344,60
67.4511,60
67.4678,60
67.4845,60
67.5011,60
67.5187,60
67.5355,60
67.5521,60
67.5688,60
67.5855,60
67.6021,60
67.6188,60
67.6354,60
67.6531,60
67.6698,60
67.6864,60
67.7031,60
67.7198,60
67.7364,60
67.7531,60
67.7698,60
67.7865,60
67.8052,60
67.822,60
67.8386,60
67.8553,60
67.872,60
67.8887,60
67.9053,60
67.9222,60
67.9389,60
67.9556,60
67.9723,60
67.9889,60
68.0056,60
68.0223,60
68.0389,60
68.0556,60
68.0731,60
68.0898,60
68.1064,60
68.1231,60
68.1398,60
68.1564,60
68.1731,60
68.1898,60
68.2064,60
68.2252,60
68.2419,60
68.2585,60
68.2752,60
68.2919,60
68.3085,60
68.3252,60
68.3442,60
68.361,60
68.3776,60
68.3943,60
68.411,60
68.4276,60
68.4443,60
68.461,60
68.4802,60
68.4969,60
68.5136,60
68.5303,60
68.547,60
68.5637,60
68.5803,60
68.599,60
68.6157,60
68.6324,60
68.6491,60
68.6658,60
68.6825,60
68.6991,60
68.7158,60
68.7339,60
68.7506,60
68.7673,60
68.784,60
68.8006,60
68.8173,60
68.834,60
68.8506,60
68.8688,60
68.8855,60
68.9022,60
68.9189,60
68.9355,60
68.9522,60
68.969,60
68.9857,60
69.0036,60
69.0204,60
69.037,60
69.0537,60
69.0704,60
69.087,60
69.1037,60
69.1204,60
69.1379,60
69.1546,60
69.1712,60
69.1879,60
69.2045,60
69.2212,60
69.2379,60
69.2546,60
69.2712,60
69.2939,60
69.3106,60
69.3272,60
69.3439,60
69.3606,60
69.3783,60
69.3951,60
69.4117,60
69.4283,60
69.445,60
69.4617,60
69.4783,60
69.495,60
69.5198,60
69.5365,60
69.5532,60
69.5699,60
69.5865,60
69.6042,60
69.6209,60
69.6375,60
69.6542,60
69.6709,60
69.6875,60
69.7042,60
69.7209,60
69.7382,60
69.7549,60
69.7716,60
69.7882,60
69.8049,60
69.8216,60
69.8382,60
69.8549,60
69.8721,60
69.8888,60
69.9054,60
69.9221,60
69.9388,60
69.9554,60
69.9721,60
69.9888,60
70.0054,60
70.0225,60
70.0393,60
70.0559,60
70.0726,60
70.0892,60
70.1059,60
